{"loss": [0.23786599934101105, 0.21466228365898132, 0.212515190243721, 0.21189971268177032, 0.21151727437973022, 0.21143308281898499, 0.2115386426448822, 0.2116343230009079, 0.2113497108221054, 0.211436927318573, 0.21145717799663544, 0.21135224401950836, 0.21127083897590637, 0.21145029366016388, 0.21145208179950714, 0.2114250361919403, 0.21130548417568207, 0.2113884836435318, 0.21146315336227417, 0.21128147840499878], "mean_squared_error": [0.23786599934101105, 0.21466228365898132, 0.212515190243721, 0.21189971268177032, 0.21151727437973022, 0.21143308281898499, 0.2115386426448822, 0.2116343230009079, 0.2113497108221054, 0.211436927318573, 0.21145717799663544, 0.21135224401950836, 0.21127083897590637, 0.21145029366016388, 0.21145208179950714, 0.2114250361919403, 0.21130548417568207, 0.2113884836435318, 0.21146315336227417, 0.21128147840499878], "val_loss": [0.2153853327035904, 0.21513931453227997, 0.2146230787038803, 0.2149229198694229, 0.21484431624412537, 0.21490062773227692, 0.21489275991916656, 0.21497613191604614, 0.21404752135276794, 0.21482865512371063, 0.2150539755821228, 0.21510714292526245, 0.21513400971889496, 0.21534349024295807, 0.21999520063400269, 0.21496812999248505, 0.21478837728500366, 0.2150174379348755, 0.21506914496421814, 0.2149607390165329], "val_mean_squared_error": [0.2153853327035904, 0.21513931453227997, 0.2146230787038803, 0.2149229198694229, 0.21484431624412537, 0.21490062773227692, 0.21489275991916656, 0.21497613191604614, 0.21404752135276794, 0.21482865512371063, 0.2150539755821228, 0.21510714292526245, 0.21513400971889496, 0.21534349024295807, 0.21999520063400269, 0.21496812999248505, 0.21478837728500366, 0.2150174379348755, 0.21506914496421814, 0.2149607390165329]}