{"loss": [0.2763822674751282, 0.21424803137779236, 0.20842869579792023, 0.20563966035842896, 0.20400774478912354, 0.2032649964094162, 0.20153659582138062, 0.20065121352672577, 0.19959110021591187, 0.20008502900600433, 0.1993502378463745, 0.19929735362529755, 0.1989261955022812, 0.19869279861450195, 0.19862714409828186, 0.19823092222213745, 0.19815625250339508, 0.1981935203075409, 0.19799089431762695, 0.19803135097026825], "mse": [0.24746276438236237, 0.2085951417684555, 0.20486299693584442, 0.20247520506381989, 0.20093700289726257, 0.20023426413536072, 0.1985149085521698, 0.19762587547302246, 0.19654753804206848, 0.19704680144786835, 0.19628798961639404, 0.19624024629592896, 0.19589248299598694, 0.19567938148975372, 0.1956244260072708, 0.19522330164909363, 0.19516049325466156, 0.19521072506904602, 0.19501902163028717, 0.19506441056728363], "val_loss": [0.22343868017196655, 0.2176988422870636, 0.21682849526405334, 0.21769049763679504, 0.21682123839855194, 0.21614335477352142, 0.21694470942020416, 0.2177293300628662, 0.21689054369926453, 0.21750657260417938, 0.2181154191493988, 0.21829238533973694, 0.2162509262561798, 0.21459533274173737, 0.2168988287448883, 0.21661847829818726, 0.21727490425109863, 0.21536530554294586, 0.21530212461948395, 0.216048002243042], "val_mse": [0.21402665972709656, 0.21366941928863525, 0.2136242538690567, 0.2146676480770111, 0.21380075812339783, 0.21313735842704773, 0.21396324038505554, 0.2147342413663864, 0.21386854350566864, 0.21450084447860718, 0.215072900056839, 0.21526320278644562, 0.2132367044687271, 0.21160778403282166, 0.21389059722423553, 0.2136208564043045, 0.21429143846035004, 0.21239440143108368, 0.21233820915222168, 0.21308736503124237], "lr": [0.00015167062520049512, 0.00015167062520049512, 0.00015167062520049512, 0.00015167062520049512, 0.00015167062520049512, 7.583531260024756e-05, 7.583531260024756e-05, 7.583531260024756e-05, 7.583531260024756e-05, 3.791765630012378e-05, 3.791765630012378e-05, 3.791765630012378e-05, 1.895882815006189e-05, 1.895882815006189e-05, 1.895882815006189e-05, 1.895882815006189e-05, 1.895882815006189e-05, 9.479414075030945e-06, 9.479414075030945e-06, 9.479414075030945e-06]}