{"loss": [0.28153350949287415, 0.21702887117862701, 0.2130076140165329, 0.2115090936422348, 0.21075700223445892, 0.21031799912452698, 0.20996928215026855, 0.209811270236969, 0.2097226232290268, 0.20930562913417816, 0.20900359749794006, 0.20909373462200165, 0.20877835154533386, 0.2087322324514389, 0.20869846642017365, 0.20871487259864807, 0.20887795090675354, 0.20851750671863556, 0.20867449045181274, 0.2085590362548828], "mse": [0.22996994853019714, 0.20751313865184784, 0.2067849189043045, 0.20665636658668518, 0.20662051439285278, 0.20660489797592163, 0.20655511319637299, 0.2066238522529602, 0.206706702709198, 0.20644308626651764, 0.20624473690986633, 0.20643287897109985, 0.2061922401189804, 0.20620021224021912, 0.20621685683727264, 0.20628030598163605, 0.20648184418678284, 0.2061426341533661, 0.20632308721542358, 0.20623019337654114], "val_loss": [0.2760944664478302, 0.22621116042137146, 0.2965526878833771, 0.2275993376970291, 0.219194233417511, 0.2182391881942749, 0.22666864097118378, 0.2200113832950592, 0.2216210514307022, 0.2174396514892578, 0.2175050973892212, 0.21750400960445404, 0.2166137844324112, 0.216975599527359, 0.21697455644607544, 0.2164132446050644, 0.21462108194828033, 0.21461845934391022, 0.21466869115829468, 0.2145417034626007], "val_mse": [0.261979341506958, 0.21904152631759644, 0.2911292016506195, 0.22315151989459991, 0.2152770459651947, 0.21464323997497559, 0.22335349023342133, 0.21687328815460205, 0.21865907311439514, 0.21466396749019623, 0.21483086049556732, 0.21491338312625885, 0.2141113579273224, 0.2145182341337204, 0.21456894278526306, 0.21405361592769623, 0.21229608356952667, 0.21231287717819214, 0.21238334476947784, 0.2122759073972702], "lr": [0.00015356890799012035, 0.00015356890799012035, 0.00015356890799012035, 0.00015356890799012035, 0.00015356890799012035, 0.00015356890799012035, 0.00015356890799012035, 0.00015356890799012035, 0.00015356890799012035, 7.678445399506018e-05, 7.678445399506018e-05, 7.678445399506018e-05, 3.839222699753009e-05, 3.839222699753009e-05, 3.839222699753009e-05, 3.839222699753009e-05, 1.9196113498765044e-05, 1.9196113498765044e-05, 1.9196113498765044e-05, 1.9196113498765044e-05]}