{"loss": [0.2721671462059021, 0.21854247152805328, 0.20855654776096344, 0.20413506031036377, 0.20145884156227112, 0.20069792866706848, 0.19858573377132416, 0.19789306819438934, 0.1970604658126831, 0.1964561939239502, 0.19643904268741608, 0.19724734127521515, 0.19651027023792267, 0.195836141705513, 0.19573627412319183, 0.19567568600177765, 0.1957683265209198, 0.19576765596866608, 0.19560275971889496, 0.19573508203029633], "mse": [0.23961246013641357, 0.20712067186832428, 0.20177754759788513, 0.19846723973751068, 0.19631998240947723, 0.19589918851852417, 0.1941993534564972, 0.19390608370304108, 0.19335678219795227, 0.19294138252735138, 0.19306810200214386, 0.19398096203804016, 0.19335250556468964, 0.19276896119117737, 0.19274495542049408, 0.19275103509426117, 0.19288606941699982, 0.19291311502456665, 0.19277404248714447, 0.19293439388275146], "val_loss": [0.2319698929786682, 0.22063946723937988, 0.21896851062774658, 0.21739140152931213, 0.2176380306482315, 0.21667198836803436, 0.21598362922668457, 0.21533414721488953, 0.21581657230854034, 0.21582633256912231, 0.21575313806533813, 0.21440547704696655, 0.21315456926822662, 0.2146817296743393, 0.21330471336841583, 0.2141007035970688, 0.21317121386528015, 0.21401211619377136, 0.21333390474319458, 0.2125881016254425], "val_mse": [0.2137589454650879, 0.21254967153072357, 0.21302519738674164, 0.21204888820648193, 0.21273154020309448, 0.2120664268732071, 0.2118423879146576, 0.21152803301811218, 0.21226081252098083, 0.21239861845970154, 0.21243993937969208, 0.21123060584068298, 0.21005164086818695, 0.21166923642158508, 0.2103603184223175, 0.21120935678482056, 0.21031101047992706, 0.21117176115512848, 0.21053172647953033, 0.20979565382003784], "lr": [0.00012886781769338995, 0.00012886781769338995, 0.00012886781769338995, 0.00012886781769338995, 0.00012886781769338995, 0.00012886781769338995, 0.00012886781769338995, 0.00012886781769338995, 0.00012886781769338995, 0.00012886781769338995, 0.00012886781769338995, 6.443390884669498e-05, 6.443390884669498e-05, 6.443390884669498e-05, 6.443390884669498e-05, 6.443390884669498e-05, 3.221695442334749e-05, 3.221695442334749e-05, 3.221695442334749e-05, 1.6108477211673744e-05]}