{"loss": [0.24918557703495026, 0.21096386015415192, 0.20372657477855682, 0.20056074857711792, 0.1986786127090454, 0.1977279931306839, 0.19692449271678925, 0.19634222984313965, 0.19602763652801514, 0.19558848440647125, 0.19508543610572815, 0.19510915875434875, 0.19470526278018951, 0.19506309926509857, 0.19468916952610016, 0.1945943385362625, 0.19431109726428986, 0.1939786970615387, 0.19401784241199493, 0.1938069462776184], "mse": [0.21924781799316406, 0.20087376236915588, 0.1971483677625656, 0.19504576921463013, 0.19368231296539307, 0.1930733472108841, 0.19244664907455444, 0.1920759081840515, 0.19182290136814117, 0.19146771728992462, 0.19106991589069366, 0.19117701053619385, 0.19083985686302185, 0.19129161536693573, 0.19089986383914948, 0.19086956977844238, 0.19063813984394073, 0.19030067324638367, 0.19031842052936554, 0.19016914069652557], "val_loss": [0.23217356204986572, 0.2282259166240692, 0.23130030930042267, 0.22222046554088593, 0.22501632571220398, 0.22254616022109985, 0.23613660037517548, 0.22084392607212067, 0.22718298435211182, 0.21996474266052246, 0.22229011356830597, 0.22163811326026917, 0.22170473635196686, 0.2250191569328308, 0.21934914588928223, 0.21679547429084778, 0.2187129557132721, 0.22519077360630035, 0.21607060730457306, 0.21903981268405914], "val_mse": [0.21834540367126465, 0.22079934179782867, 0.22568656504154205, 0.21728666126728058, 0.2203931361436844, 0.218250572681427, 0.23197609186172485, 0.2167048156261444, 0.2229577898979187, 0.21596583724021912, 0.21837174892425537, 0.21777713298797607, 0.21790480613708496, 0.22122375667095184, 0.21564306318759918, 0.21309946477413177, 0.21506477892398834, 0.22150582075119019, 0.212415412068367, 0.21541661024093628], "lr": [0.00010524706158321351, 0.00010524706158321351, 0.00010524706158321351, 0.00010524706158321351, 0.00010524706158321351, 0.00010524706158321351, 0.00010524706158321351, 5.2623530791606754e-05, 5.2623530791606754e-05, 5.2623530791606754e-05, 5.2623530791606754e-05, 5.2623530791606754e-05, 5.2623530791606754e-05, 2.6311765395803377e-05, 2.6311765395803377e-05, 2.6311765395803377e-05, 2.6311765395803377e-05, 2.6311765395803377e-05, 2.6311765395803377e-05, 2.6311765395803377e-05]}