{"loss": [0.2113724797964096, 0.20556315779685974, 0.20615503191947937, 0.20591218769550323, 0.20477305352687836, 0.20694470405578613, 0.20260751247406006, 0.20073193311691284, 0.2003805786371231, 0.199866384267807, 0.19967328011989594, 0.19957967102527618, 0.20028580725193024, 0.19956588745117188, 0.1993027925491333, 0.1996830403804779, 0.19910061359405518, 0.19859248399734497, 0.19831319153308868, 0.19827277958393097], "mse": [0.20927949249744415, 0.20467537641525269, 0.2054017037153244, 0.20538687705993652, 0.2042146474123001, 0.20646324753761292, 0.20207327604293823, 0.20012705028057098, 0.19970408082008362, 0.19915246963500977, 0.1989722102880478, 0.19888313114643097, 0.1995900422334671, 0.19888146221637726, 0.19862082600593567, 0.19899699091911316, 0.19841600954532623, 0.19790750741958618, 0.1976253092288971, 0.1975843459367752], "val_loss": [0.2348719984292984, 0.2208731472492218, 0.21557246148586273, 0.21552617847919464, 0.21599620580673218, 0.21655477583408356, 0.21647730469703674, 0.2298126220703125, 0.22744198143482208, 0.3589761257171631, 0.5016509890556335, 0.28675806522369385, 0.27897316217422485, 0.2898236811161041, 0.30865833163261414, 0.2124093472957611, 0.21483998000621796, 0.2103794813156128, 0.21158884465694427, 0.2118760645389557], "val_mse": [0.2339317798614502, 0.22016112506389618, 0.21492701768875122, 0.21517251431941986, 0.21553808450698853, 0.21607086062431335, 0.21589979529380798, 0.2291765660047531, 0.2267192304134369, 0.35822781920433044, 0.5009164214134216, 0.2860282361507416, 0.2782694697380066, 0.28912246227264404, 0.30796200037002563, 0.21172262728214264, 0.21415399014949799, 0.20969201624393463, 0.21089909970760345, 0.21118415892124176], "lr": [0.0006020876462571323, 0.0006020876462571323, 0.0006020876462571323, 0.0006020876462571323, 0.0006020876462571323, 0.0006020876462571323, 0.00030104382312856615, 0.00030104382312856615, 0.00030104382312856615, 0.00015052191156428307, 0.00015052191156428307, 0.00015052191156428307, 7.526095578214154e-05, 7.526095578214154e-05, 7.526095578214154e-05, 3.763047789107077e-05, 3.763047789107077e-05, 3.763047789107077e-05, 3.763047789107077e-05, 3.763047789107077e-05]}