{"loss": [0.26444709300994873, 0.22526387870311737, 0.21870118379592896, 0.2149408906698227, 0.21215884387493134, 0.21004058420658112, 0.2082977294921875, 0.20782968401908875, 0.20625774562358856, 0.2052341103553772, 0.20473554730415344, 0.2043312042951584, 0.20445935428142548, 0.20384734869003296, 0.20379461348056793, 0.2037014663219452, 0.20334626734256744, 0.20359133183956146, 0.20333370566368103, 0.20320430397987366], "mse": [0.23625583946704865, 0.20843777060508728, 0.20558887720108032, 0.20403935015201569, 0.2027573436498642, 0.20150838792324066, 0.20055466890335083, 0.2004787027835846, 0.19940169155597687, 0.198608860373497, 0.19827529788017273, 0.19799302518367767, 0.19834348559379578, 0.19780388474464417, 0.19780103862285614, 0.19788140058517456, 0.19757896661758423, 0.19785654544830322, 0.19757941365242004, 0.19744835793972015], "val_loss": [0.23521646857261658, 0.22905124723911285, 0.2262430042028427, 0.2247599959373474, 0.22256934642791748, 0.22261656820774078, 0.22118878364562988, 0.22122633457183838, 0.21956570446491241, 0.21943463385105133, 0.21943475306034088, 0.21998588740825653, 0.21790385246276855, 0.21665418148040771, 0.21774640679359436, 0.2166968137025833, 0.21749430894851685, 0.21517544984817505, 0.2151920348405838, 0.21513482928276062], "val_mse": [0.21527382731437683, 0.21437865495681763, 0.21444891393184662, 0.2147652506828308, 0.21398591995239258, 0.2147548645734787, 0.21399830281734467, 0.21451108157634735, 0.21309778094291687, 0.2131829708814621, 0.21322959661483765, 0.2139662653207779, 0.21197150647640228, 0.2107246369123459, 0.21203485131263733, 0.21103772521018982, 0.21188001334667206, 0.2095189392566681, 0.20952698588371277, 0.20949780941009521], "lr": [0.00015219251508824527, 0.00015219251508824527, 0.00015219251508824527, 0.00015219251508824527, 0.00015219251508824527, 0.00015219251508824527, 0.00015219251508824527, 0.00015219251508824527, 7.609625754412264e-05, 7.609625754412264e-05, 7.609625754412264e-05, 7.609625754412264e-05, 3.804812877206132e-05, 3.804812877206132e-05, 3.804812877206132e-05, 3.804812877206132e-05, 3.804812877206132e-05, 1.902406438603066e-05, 1.902406438603066e-05, 1.902406438603066e-05]}