{"loss": [0.2226570099592209, 0.2064596563577652, 0.2031899094581604, 0.20103421807289124, 0.19872786104679108, 0.19683679938316345, 0.1963275969028473, 0.19583305716514587, 0.1949179321527481, 0.19433754682540894, 0.19401541352272034, 0.19383952021598816, 0.19394005835056305, 0.19344501197338104, 0.1932273507118225, 0.192849263548851, 0.19249974191188812, 0.19236142933368683, 0.19218440353870392, 0.1919129341840744], "mse": [0.21753378212451935, 0.20408794283866882, 0.20138144493103027, 0.19931867718696594, 0.19691136479377747, 0.19486989080905914, 0.19430463016033173, 0.1938423067331314, 0.1929847002029419, 0.19244419038295746, 0.1921224743127823, 0.1919618546962738, 0.1920727640390396, 0.19160203635692596, 0.19140121340751648, 0.19103142619132996, 0.19069114327430725, 0.19056035578250885, 0.19038937985897064, 0.1901254653930664], "val_loss": [0.21940845251083374, 0.21938194334506989, 0.21677228808403015, 0.2165953814983368, 0.22063998878002167, 0.21689553558826447, 0.21779030561447144, 0.2153620570898056, 0.21504642069339752, 0.21574294567108154, 0.2169315218925476, 0.21628211438655853, 0.214703768491745, 0.2151547372341156, 0.21429605782032013, 0.21361970901489258, 0.21379071474075317, 0.21324507892131805, 0.21273531019687653, 0.21444448828697205], "val_mse": [0.21630272269248962, 0.21744415163993835, 0.2150762677192688, 0.21492750942707062, 0.21878154575824738, 0.21492797136306763, 0.21580995619297028, 0.21342450380325317, 0.21316571533679962, 0.21387679874897003, 0.21506550908088684, 0.21442247927188873, 0.21286186575889587, 0.21333153545856476, 0.21248282492160797, 0.2118142992258072, 0.21199320256710052, 0.21145161986351013, 0.21094997227191925, 0.2126651406288147], "lr": [0.0003598884795792401, 0.0003598884795792401, 0.0003598884795792401, 0.0003598884795792401, 0.0003598884795792401, 0.0003598884795792401, 0.0003598884795792401, 0.00017994423978962004, 0.00017994423978962004, 0.00017994423978962004, 0.00017994423978962004, 0.00017994423978962004, 8.997211989481002e-05, 8.997211989481002e-05, 8.997211989481002e-05, 8.997211989481002e-05, 8.997211989481002e-05, 8.997211989481002e-05, 8.997211989481002e-05, 8.997211989481002e-05]}