{"loss": [0.2707022726535797, 0.21697276830673218, 0.21093593537807465, 0.209141805768013, 0.20852600038051605, 0.2076050490140915, 0.20729036629199982, 0.20689807832241058, 0.20654931664466858, 0.20669323205947876, 0.20640406012535095, 0.20623981952667236, 0.20611968636512756, 0.20623303949832916, 0.20602378249168396, 0.2059856355190277, 0.20584987103939056, 0.20583859086036682, 0.205661341547966, 0.20555394887924194], "mse": [0.2484058290719986, 0.21243299543857574, 0.2088409662246704, 0.20757441222667694, 0.20715831220149994, 0.20632228255271912, 0.20605136454105377, 0.20569053292274475, 0.20536644756793976, 0.20554175972938538, 0.20527809858322144, 0.20513327419757843, 0.20503070950508118, 0.20515941083431244, 0.20496131479740143, 0.20493245124816895, 0.20480522513389587, 0.20480039715766907, 0.2046256959438324, 0.20452171564102173], "val_loss": [0.23146402835845947, 0.23873530328273773, 0.23558536171913147, 0.22859282791614532, 0.26602575182914734, 0.21204927563667297, 0.22593949735164642, 0.21216890215873718, 0.24687951803207397, 0.2111470252275467, 0.21177367866039276, 0.21105098724365234, 0.21118217706680298, 0.21091300249099731, 0.21115000545978546, 0.21099264919757843, 0.2110910564661026, 0.21112339198589325, 0.2108386605978012, 0.2109135240316391], "val_mse": [0.2229289710521698, 0.23613114655017853, 0.233888179063797, 0.227181077003479, 0.2647293508052826, 0.21080727875232697, 0.2247292399406433, 0.21098658442497253, 0.2457135170698166, 0.21001115441322327, 0.2106579691171646, 0.20995616912841797, 0.21010465919971466, 0.2098468691110611, 0.21009337902069092, 0.20994673669338226, 0.2100536972284317, 0.21008850634098053, 0.2098076343536377, 0.2098855823278427], "lr": [0.00011248497321503237, 0.00011248497321503237, 0.00011248497321503237, 0.00011248497321503237, 5.6242486607516184e-05, 5.6242486607516184e-05, 5.6242486607516184e-05, 5.6242486607516184e-05, 5.6242486607516184e-05, 2.8121243303758092e-05, 2.8121243303758092e-05, 2.8121243303758092e-05, 2.8121243303758092e-05, 1.4060621651879046e-05, 1.4060621651879046e-05, 1.4060621651879046e-05, 1.4060621651879046e-05, 7.030310825939523e-06, 7.030310825939523e-06, 7.030310825939523e-06]}