{"loss": [0.23317158222198486, 0.20801898837089539, 0.20633162558078766, 0.2056509256362915, 0.2033374011516571, 0.20317751169204712, 0.20199242234230042, 0.201001837849617, 0.1995055079460144, 0.19788216054439545, 0.1967063993215561, 0.19590605795383453, 0.19589008390903473, 0.1949797421693802, 0.19450929760932922, 0.19448921084403992, 0.19477997720241547, 0.19423741102218628, 0.1939614713191986, 0.19372186064720154], "mse": [0.21505874395370483, 0.2051955610513687, 0.20348528027534485, 0.20276007056236267, 0.2010398507118225, 0.20079104602336884, 0.19973094761371613, 0.1986246258020401, 0.19706334173679352, 0.19594627618789673, 0.19481824338436127, 0.1940298229455948, 0.19413769245147705, 0.1933261752128601, 0.19290293753147125, 0.19289813935756683, 0.19322964549064636, 0.19274766743183136, 0.19249016046524048, 0.19227509200572968], "val_loss": [0.21724461019039154, 0.21665732562541962, 0.21699398756027222, 0.21680530905723572, 0.21741509437561035, 0.2140049785375595, 0.21674858033657074, 0.21548347175121307, 0.21581265330314636, 0.21522925794124603, 0.21581871807575226, 0.21809424459934235, 0.2110128104686737, 0.21556416153907776, 0.21341969072818756, 0.21265405416488647, 0.21279442310333252, 0.21132442355155945, 0.2103857845067978, 0.21272650361061096], "val_mse": [0.21465562283992767, 0.21483619511127472, 0.21469110250473022, 0.21476887166500092, 0.21493282914161682, 0.21203850209712982, 0.21459177136421204, 0.21347060799598694, 0.21363206207752228, 0.21332316100597382, 0.21386171877384186, 0.21612218022346497, 0.20930840075016022, 0.2139422595500946, 0.21181097626686096, 0.2110435515642166, 0.21128009259700775, 0.20985835790634155, 0.20893141627311707, 0.21129252016544342], "lr": [0.0003678539942484349, 0.0003678539942484349, 0.0003678539942484349, 0.0003678539942484349, 0.00018392699712421745, 0.00018392699712421745, 0.00018392699712421745, 0.00018392699712421745, 0.00018392699712421745, 9.196349856210873e-05, 9.196349856210873e-05, 9.196349856210873e-05, 4.598174928105436e-05, 4.598174928105436e-05, 4.598174928105436e-05, 4.598174928105436e-05, 2.299087464052718e-05, 2.299087464052718e-05, 2.299087464052718e-05, 2.299087464052718e-05]}