{"loss": [0.2150833010673523, 0.2083757221698761, 0.20794488489627838, 0.20869459211826324, 0.2062348872423172, 0.2053738385438919, 0.20544901490211487, 0.20547768473625183, 0.20556119084358215, 0.2057809680700302, 0.2059525102376938, 0.20455771684646606, 0.2040340155363083, 0.20396322011947632, 0.20401519536972046, 0.2039407640695572, 0.20364046096801758, 0.20378264784812927, 0.20374083518981934, 0.20422330498695374], "mse": [0.20822586119174957, 0.20448200404644012, 0.20432148873806, 0.20578859746456146, 0.20447847247123718, 0.20394445955753326, 0.20383913815021515, 0.20387421548366547, 0.20366892218589783, 0.20374900102615356, 0.20405404269695282, 0.20308110117912292, 0.20266765356063843, 0.20256975293159485, 0.20262648165225983, 0.20254623889923096, 0.20227935910224915, 0.20241780579090118, 0.20237278938293457, 0.20280499756336212], "val_loss": [0.2193899005651474, 0.2182168960571289, 0.21854639053344727, 0.21723005175590515, 0.21589422225952148, 0.21650609374046326, 0.21595481038093567, 0.2162317931652069, 0.21698063611984253, 0.21680185198783875, 0.21545448899269104, 0.21524624526500702, 0.2154020369052887, 0.21529677510261536, 0.2136056125164032, 0.21330340206623077, 0.21336428821086884, 0.21338607370853424, 0.21317557990550995, 0.21321377158164978], "val_mse": [0.21494875848293304, 0.21486152708530426, 0.21501916646957397, 0.21490375697612762, 0.21445849537849426, 0.21502558887004852, 0.2143508493900299, 0.21457083523273468, 0.21496190130710602, 0.2147086262702942, 0.21381208300590515, 0.213856041431427, 0.21407444775104523, 0.2139112502336502, 0.21222054958343506, 0.2119307518005371, 0.21198196709156036, 0.21204720437526703, 0.21180962026119232, 0.21179848909378052], "lr": [0.0010459462646394968, 0.0010459462646394968, 0.0010459462646394968, 0.0010459462646394968, 0.0005229731323197484, 0.0005229731323197484, 0.0005229731323197484, 0.0005229731323197484, 0.0005229731323197484, 0.0005229731323197484, 0.0002614865661598742, 0.0002614865661598742, 0.0002614865661598742, 0.0002614865661598742, 0.0001307432830799371, 0.0001307432830799371, 0.0001307432830799371, 0.0001307432830799371, 0.0001307432830799371, 0.0001307432830799371]}