{"loss": [0.2365458607673645, 0.21456973254680634, 0.21237990260124207, 0.21116143465042114, 0.21115870773792267, 0.2110861837863922, 0.21092738211154938, 0.2111106663942337, 0.21118898689746857, 0.21112731099128723, 0.21107667684555054, 0.21109417080879211, 0.2110341191291809, 0.21117624640464783, 0.21095755696296692, 0.21105942130088806, 0.21052996814250946, 0.2099415510892868, 0.20915518701076508, 0.20800626277923584], "mean_squared_error": [0.2365458607673645, 0.21456973254680634, 0.21237990260124207, 0.21116143465042114, 0.21115870773792267, 0.2110861837863922, 0.21092738211154938, 0.2111106663942337, 0.21118898689746857, 0.21112731099128723, 0.21107667684555054, 0.21109417080879211, 0.2110341191291809, 0.21117624640464783, 0.21095755696296692, 0.21105942130088806, 0.21052996814250946, 0.2099415510892868, 0.20915518701076508, 0.20800626277923584], "val_loss": [0.21541564166545868, 0.21515384316444397, 0.21520119905471802, 0.2150665819644928, 0.2148284763097763, 0.21488851308822632, 0.21488724648952484, 0.21496622264385223, 0.21486787497997284, 0.21485303342342377, 0.21488076448440552, 0.21490222215652466, 0.2150208055973053, 0.21480876207351685, 0.21498523652553558, 0.21492508053779602, 0.21508510410785675, 0.21475058794021606, 0.21527199447155, 0.21466757357120514], "val_mean_squared_error": [0.21541564166545868, 0.21515384316444397, 0.21520119905471802, 0.2150665819644928, 0.2148284763097763, 0.21488851308822632, 0.21488724648952484, 0.21496622264385223, 0.21486787497997284, 0.21485303342342377, 0.21488076448440552, 0.21490222215652466, 0.2150208055973053, 0.21480876207351685, 0.21498523652553558, 0.21492508053779602, 0.21508510410785675, 0.21475058794021606, 0.21527199447155, 0.21466757357120514]}