{"loss": [0.27281150221824646, 0.22020375728607178, 0.213361918926239, 0.20953136682510376, 0.20717568695545197, 0.20519132912158966, 0.20404155552387238, 0.20386770367622375, 0.20382818579673767, 0.20393285155296326, 0.2038870006799698, 0.20380830764770508, 0.20376601815223694, 0.2036735564470291, 0.20367252826690674, 0.20364797115325928, 0.20372755825519562, 0.2037137895822525, 0.2036125510931015, 0.2036079317331314], "mse": [0.22636452317237854, 0.21206042170524597, 0.2081185132265091, 0.205730140209198, 0.20438989996910095, 0.2039865255355835, 0.20366382598876953, 0.2036251276731491, 0.2035895586013794, 0.20369452238082886, 0.2036505937576294, 0.20357239246368408, 0.20353077352046967, 0.20343907177448273, 0.2034391313791275, 0.20341411232948303, 0.20349466800689697, 0.20348107814788818, 0.203380286693573, 0.20337587594985962], "val_loss": [0.2574549913406372, 0.22024153172969818, 0.22075213491916656, 0.22257225215435028, 0.2848455011844635, 0.21322664618492126, 0.21165552735328674, 0.2116510570049286, 0.21165141463279724, 0.21165937185287476, 0.21053479611873627, 0.210529625415802, 0.21052825450897217, 0.2105274200439453, 0.21015742421150208, 0.21013504266738892, 0.2101321518421173, 0.21013204753398895, 0.21005168557167053, 0.21003268659114838], "val_mse": [0.2453111857175827, 0.2142755389213562, 0.2163952738046646, 0.21916455030441284, 0.2830010950565338, 0.21255908906459808, 0.2114071398973465, 0.21141453087329865, 0.21141578257083893, 0.21142543852329254, 0.2103007733821869, 0.2102966457605362, 0.21029581129550934, 0.21029573678970337, 0.20992529392242432, 0.20990341901779175, 0.20990103483200073, 0.20990145206451416, 0.20982041954994202, 0.2098013311624527], "lr": [0.00019450522086117417, 0.00019450522086117417, 0.00019450522086117417, 0.00019450522086117417, 0.00019450522086117417, 9.725261043058708e-05, 9.725261043058708e-05, 9.725261043058708e-05, 9.725261043058708e-05, 9.725261043058708e-05, 4.862630521529354e-05, 4.862630521529354e-05, 4.862630521529354e-05, 4.862630521529354e-05, 2.431315260764677e-05, 2.431315260764677e-05, 2.431315260764677e-05, 2.431315260764677e-05, 1.2156576303823385e-05, 1.2156576303823385e-05]}