{"loss": [0.2757337689399719, 0.21834531426429749, 0.21461211144924164, 0.213534876704216, 0.21293747425079346, 0.2127941995859146, 0.2126861959695816, 0.21219883859157562, 0.21226727962493896, 0.21208015084266663, 0.2120087891817093, 0.211824432015419, 0.21154089272022247, 0.21128447353839874, 0.21144913136959076, 0.2111513465642929, 0.21100810170173645, 0.2109197974205017, 0.21097205579280853, 0.2107517570257187], "mse": [0.2337138056755066, 0.20963318645954132, 0.20910927653312683, 0.20909306406974792, 0.20904935896396637, 0.20927053689956665, 0.20941659808158875, 0.20910358428955078, 0.20930807292461395, 0.20922401547431946, 0.2092365324497223, 0.209117591381073, 0.20893898606300354, 0.20876432955265045, 0.20900695025920868, 0.20877552032470703, 0.208681121468544, 0.20863334834575653, 0.20872795581817627, 0.20854391157627106], "val_loss": [0.2303149402141571, 0.22282566130161285, 0.22060920298099518, 0.2255229502916336, 0.21899853646755219, 0.21863672137260437, 0.21789638698101044, 0.21804817020893097, 0.21748054027557373, 0.21747757494449615, 0.21939729154109955, 0.222162127494812, 0.21771402657032013, 0.21969476342201233, 0.21766957640647888, 0.21741166710853577, 0.21711580455303192, 0.2166271060705185, 0.2167995572090149, 0.21698661148548126], "val_mse": [0.218368798494339, 0.21634289622306824, 0.21571019291877747, 0.22135254740715027, 0.21527759730815887, 0.21520285308361053, 0.2146567702293396, 0.2149607092142105, 0.21452882885932922, 0.2146090269088745, 0.21659189462661743, 0.2194426953792572, 0.21519024670124054, 0.21722649037837982, 0.21526561677455902, 0.21510258316993713, 0.21485406160354614, 0.21441248059272766, 0.21460311114788055, 0.21483570337295532], "lr": [0.00018170292605645955, 0.00018170292605645955, 0.00018170292605645955, 0.00018170292605645955, 0.00018170292605645955, 0.00018170292605645955, 0.00018170292605645955, 0.00018170292605645955, 0.00018170292605645955, 0.00018170292605645955, 0.00018170292605645955, 0.00018170292605645955, 9.085146302822977e-05, 9.085146302822977e-05, 9.085146302822977e-05, 4.5425731514114887e-05, 4.5425731514114887e-05, 4.5425731514114887e-05, 4.5425731514114887e-05, 4.5425731514114887e-05]}