{"loss": [0.31638017296791077, 0.2293511927127838, 0.2154483199119568, 0.2104322463274002, 0.20885056257247925, 0.20753809809684753, 0.20642448961734772, 0.20608291029930115, 0.20583564043045044, 0.20500729978084564, 0.20445024967193604, 0.20400503277778625, 0.20360167324543, 0.20379087328910828, 0.20339441299438477, 0.2029966562986374, 0.20297576487064362, 0.20246179401874542, 0.2027362436056137, 0.2024785429239273], "mse": [0.24134548008441925, 0.20761673152446747, 0.204342320561409, 0.20254869759082794, 0.20225170254707336, 0.20131815969944, 0.20049819350242615, 0.20038098096847534, 0.20047488808631897, 0.1997734159231186, 0.19927886128425598, 0.19889423251152039, 0.1985316127538681, 0.1988043189048767, 0.19854693114757538, 0.19818837940692902, 0.19820624589920044, 0.19773556292057037, 0.19804738461971283, 0.19779598712921143], "val_loss": [0.24836519360542297, 0.2277119904756546, 0.22286611795425415, 0.22150732576847076, 0.21815641224384308, 0.21825532615184784, 0.2182980328798294, 0.21766334772109985, 0.21638858318328857, 0.21626994013786316, 0.21613194048404694, 0.21605800092220306, 0.21590504050254822, 0.21671873331069946, 0.21492378413677216, 0.2153623104095459, 0.21566374599933624, 0.21535731852054596, 0.21536017954349518, 0.2152785211801529], "val_mse": [0.21368809044361115, 0.21384117007255554, 0.214129239320755, 0.2147468775510788, 0.21202707290649414, 0.21234376728534698, 0.21269038319587708, 0.21229848265647888, 0.21130183339118958, 0.2112198919057846, 0.211162269115448, 0.21113266050815582, 0.2110658586025238, 0.21197444200515747, 0.21018707752227783, 0.21067218482494354, 0.21100671589374542, 0.2107384204864502, 0.2107219696044922, 0.21064430475234985], "lr": [9.58102973527275e-05, 9.58102973527275e-05, 9.58102973527275e-05, 9.58102973527275e-05, 4.790514867636375e-05, 4.790514867636375e-05, 4.790514867636375e-05, 4.790514867636375e-05, 2.3952574338181876e-05, 2.3952574338181876e-05, 2.3952574338181876e-05, 2.3952574338181876e-05, 2.3952574338181876e-05, 2.3952574338181876e-05, 1.1976287169090938e-05, 1.1976287169090938e-05, 1.1976287169090938e-05, 1.1976287169090938e-05, 5.988143584545469e-06, 5.988143584545469e-06]}