{"loss": [0.32738885283470154, 0.23714517056941986, 0.21901725232601166, 0.2114245891571045, 0.20755073428153992, 0.20609073340892792, 0.205784410238266, 0.20556475222110748, 0.2053932249546051, 0.20523159205913544, 0.2051563411951065, 0.2050192654132843, 0.2049824595451355, 0.20492853224277496, 0.20488324761390686, 0.2048371136188507, 0.2048468440771103, 0.20481599867343903, 0.20470911264419556, 0.20474675297737122], "mse": [0.23839040100574493, 0.21135997772216797, 0.20665931701660156, 0.2053755521774292, 0.20502595603466034, 0.20473898947238922, 0.20453426241874695, 0.20436716079711914, 0.20423083007335663, 0.20408937335014343, 0.20403416454792023, 0.203916996717453, 0.20389531552791595, 0.20384928584098816, 0.20381282269954681, 0.2037748396396637, 0.20379137992858887, 0.2037646770477295, 0.20366179943084717, 0.20370280742645264], "val_loss": [0.2545243203639984, 0.22839707136154175, 0.21927443146705627, 0.21483373641967773, 0.21204914152622223, 0.21176916360855103, 0.21176965534687042, 0.2116369605064392, 0.2111210823059082, 0.21108166873455048, 0.21105778217315674, 0.2110397219657898, 0.21091260015964508, 0.2108829915523529, 0.2108692079782486, 0.21085867285728455, 0.2108331173658371, 0.21081897616386414, 0.2108098566532135, 0.21080155670642853], "val_mse": [0.21353887021541595, 0.21152381598949432, 0.2106882482767105, 0.2109418362379074, 0.2105453908443451, 0.21049702167510986, 0.2105555683374405, 0.21047133207321167, 0.20997396111488342, 0.20995543897151947, 0.20995114743709564, 0.20995207130908966, 0.20983214676380157, 0.20981042087078094, 0.20980530977249146, 0.20980370044708252, 0.209781214594841, 0.20977112650871277, 0.2097659856081009, 0.20975962281227112], "lr": [3.681213638628833e-05, 3.681213638628833e-05, 3.681213638628833e-05, 3.681213638628833e-05, 3.681213638628833e-05, 3.681213638628833e-05, 3.681213638628833e-05, 3.681213638628833e-05, 1.8406068193144165e-05, 1.8406068193144165e-05, 1.8406068193144165e-05, 1.8406068193144165e-05, 9.203034096572082e-06, 9.203034096572082e-06, 9.203034096572082e-06, 9.203034096572082e-06, 4.601517048286041e-06, 4.601517048286041e-06, 4.601517048286041e-06, 2.3007585241430206e-06]}