{"loss": [0.3014153242111206, 0.22786645591259003, 0.2106233686208725, 0.20839950442314148, 0.20740455389022827, 0.2070862203836441, 0.20665296912193298, 0.2063778191804886, 0.2061355710029602, 0.20602506399154663, 0.20593072474002838, 0.20578040182590485, 0.20579804480075836, 0.20565667748451233, 0.20558509230613708, 0.2055588960647583, 0.20546656847000122, 0.20548082888126373, 0.20548056066036224, 0.20542451739311218], "mse": [0.2379934936761856, 0.20858478546142578, 0.2043861448764801, 0.20398876070976257, 0.20369544625282288, 0.20377503335475922, 0.20355680584907532, 0.20346830785274506, 0.20339082181453705, 0.20339681208133698, 0.20336727797985077, 0.2032814770936966, 0.20335988700389862, 0.2032681554555893, 0.20322005450725555, 0.20322029292583466, 0.20315466821193695, 0.20319214463233948, 0.20320367813110352, 0.20315885543823242], "val_loss": [0.844187319278717, 0.22188584506511688, 0.40540510416030884, 0.2159855216741562, 0.21549949049949646, 0.21380478143692017, 0.21363003551959991, 0.21347962319850922, 0.2133484184741974, 0.21262793242931366, 0.21255019307136536, 0.2124914973974228, 0.21243679523468018, 0.21222738921642303, 0.21217958629131317, 0.21214814484119415, 0.21212103962898254, 0.21207089722156525, 0.21204502880573273, 0.2120276540517807], "val_mse": [0.8118258714675903, 0.2118597775697708, 0.40059778094291687, 0.21201446652412415, 0.21211305260658264, 0.21064376831054688, 0.2106700837612152, 0.21069426834583282, 0.2107153832912445, 0.210051029920578, 0.21003930270671844, 0.21004381775856018, 0.2100488394498825, 0.20985916256904602, 0.20983684062957764, 0.2098328322172165, 0.20983192324638367, 0.2097923308610916, 0.20977823436260223, 0.20977291464805603], "lr": [8.999839337775484e-05, 8.999839337775484e-05, 8.999839337775484e-05, 8.999839337775484e-05, 8.999839337775484e-05, 4.499919668887742e-05, 4.499919668887742e-05, 4.499919668887742e-05, 4.499919668887742e-05, 2.249959834443871e-05, 2.249959834443871e-05, 2.249959834443871e-05, 2.249959834443871e-05, 1.1249799172219355e-05, 1.1249799172219355e-05, 1.1249799172219355e-05, 1.1249799172219355e-05, 5.624899586109677e-06, 5.624899586109677e-06, 5.624899586109677e-06]}