{"loss": [0.2580876350402832, 0.2101679891347885, 0.20550061762332916, 0.20209844410419464, 0.20058315992355347, 0.19978556036949158, 0.19891585409641266, 0.19846713542938232, 0.1977132111787796, 0.19725008308887482, 0.19692450761795044, 0.19629228115081787, 0.19597525894641876, 0.19575117528438568, 0.19622233510017395, 0.19558095932006836, 0.1953962743282318, 0.19562576711177826, 0.19544145464897156, 0.19558335840702057], "mse": [0.21715955436229706, 0.2062292993068695, 0.20351973176002502, 0.2002822905778885, 0.19870984554290771, 0.19766314327716827, 0.19675923883914948, 0.1964626908302307, 0.19581478834152222, 0.19541732966899872, 0.1951603889465332, 0.19463574886322021, 0.19433243572711945, 0.19415532052516937, 0.1946520060300827, 0.19404324889183044, 0.19388386607170105, 0.19412612915039062, 0.19395874440670013, 0.19410954415798187], "val_loss": [0.23319806158542633, 0.23580391705036163, 0.2313019037246704, 0.21914464235305786, 0.23278622329235077, 0.2267797589302063, 0.26276326179504395, 0.2598969638347626, 0.22197289764881134, 0.27485984563827515, 0.21618257462978363, 0.22301658987998962, 0.25020232796669006, 0.23210543394088745, 0.24131138622760773, 0.21715931594371796, 0.22352170944213867, 0.2153788059949875, 0.21661515533924103, 0.21617665886878967], "val_mse": [0.2263912856578827, 0.23338446021080017, 0.22950223088264465, 0.21747106313705444, 0.23074562847614288, 0.22457604110240936, 0.26045432686805725, 0.2579111158847809, 0.220007061958313, 0.27296963334083557, 0.21445903182029724, 0.221350759267807, 0.24856048822402954, 0.23049354553222656, 0.2397644966840744, 0.2156338393688202, 0.22201979160308838, 0.21389110386371613, 0.21514198184013367, 0.21471217274665833], "lr": [0.00027415354270488024, 0.00027415354270488024, 0.00027415354270488024, 0.00027415354270488024, 0.00027415354270488024, 0.00027415354270488024, 0.00027415354270488024, 0.00013707677135244012, 0.00013707677135244012, 0.00013707677135244012, 6.853838567622006e-05, 6.853838567622006e-05, 6.853838567622006e-05, 6.853838567622006e-05, 3.426919283811003e-05, 3.426919283811003e-05, 3.426919283811003e-05, 1.7134596419055015e-05, 1.7134596419055015e-05, 1.7134596419055015e-05]}