{"loss": [0.280508428812027, 0.23220737278461456, 0.2226967215538025, 0.21787996590137482, 0.215214341878891, 0.21351371705532074, 0.21241667866706848, 0.21144424378871918, 0.21046920120716095, 0.20998558402061462, 0.20955803990364075, 0.20909401774406433, 0.20864126086235046, 0.2085491120815277, 0.20820926129817963, 0.20840272307395935, 0.2081916332244873, 0.20801804959774017, 0.2079053372144699, 0.20785218477249146], "mse": [0.2468450516462326, 0.21327780187129974, 0.20806975662708282, 0.20612381398677826, 0.2053646594285965, 0.20466992259025574, 0.20416925847530365, 0.20368008315563202, 0.2032248079776764, 0.20311102271080017, 0.20290590822696686, 0.2026008814573288, 0.2022627741098404, 0.20232196152210236, 0.2021080106496811, 0.20238690078258514, 0.20222879946231842, 0.2021031677722931, 0.20201653242111206, 0.20200079679489136], "val_loss": [0.23749271035194397, 0.22974173724651337, 0.2439497858285904, 0.22428427636623383, 0.2275833934545517, 0.22042082250118256, 0.2197643518447876, 0.2186531275510788, 0.21884529292583466, 0.2180705964565277, 0.21783390641212463, 0.21661897003650665, 0.21638335287570953, 0.21656543016433716, 0.21617339551448822, 0.21576274931430817, 0.21594582498073578, 0.21564528346061707, 0.21609185636043549, 0.21569381654262543], "val_mse": [0.21406951546669006, 0.21356530487537384, 0.2309214472770691, 0.21373030543327332, 0.21848700940608978, 0.21191196143627167, 0.21182914078235626, 0.21121685206890106, 0.21186251938343048, 0.2113865613937378, 0.21132010221481323, 0.21021179854869843, 0.2101166546344757, 0.2104393094778061, 0.21016263961791992, 0.20979765057563782, 0.21004466712474823, 0.20976555347442627, 0.21024705469608307, 0.209859699010849], "lr": [9.276623313780874e-05, 9.276623313780874e-05, 9.276623313780874e-05, 9.276623313780874e-05, 9.276623313780874e-05, 4.638311656890437e-05, 4.638311656890437e-05, 4.638311656890437e-05, 4.638311656890437e-05, 4.638311656890437e-05, 4.638311656890437e-05, 2.3191558284452185e-05, 2.3191558284452185e-05, 2.3191558284452185e-05, 2.3191558284452185e-05, 1.1595779142226093e-05, 1.1595779142226093e-05, 1.1595779142226093e-05, 1.1595779142226093e-05, 5.797889571113046e-06]}