{"loss": [0.28809794783592224, 0.22323335707187653, 0.21576467156410217, 0.21281585097312927, 0.2108493596315384, 0.20901520550251007, 0.2078225463628769, 0.20657429099082947, 0.20518702268600464, 0.20345085859298706, 0.2024465799331665, 0.20242080092430115, 0.20204685628414154, 0.20167791843414307, 0.20138323307037354, 0.20145906507968903, 0.20121289789676666, 0.20117440819740295, 0.2009515017271042, 0.2012862116098404], "mse": [0.26963669061660767, 0.21535003185272217, 0.21022891998291016, 0.20829865336418152, 0.20695292949676514, 0.2055235058069229, 0.2046196460723877, 0.2035379558801651, 0.20223502814769745, 0.20056802034378052, 0.199682354927063, 0.19974632561206818, 0.19942468404769897, 0.19908149540424347, 0.19882047176361084, 0.19892223179340363, 0.1986965835094452, 0.19866667687892914, 0.19844774901866913, 0.19879372417926788], "val_loss": [0.2302500158548355, 0.23322173953056335, 0.22338438034057617, 0.22004595398902893, 0.21673770248889923, 0.21675972640514374, 0.216257706284523, 0.21589437127113342, 0.21590866148471832, 0.21869762241840363, 0.21720822155475616, 0.21344351768493652, 0.2139253318309784, 0.21387559175491333, 0.21442058682441711, 0.21292629837989807, 0.21296600997447968, 0.21296851336956024, 0.2128562480211258, 0.21267655491828918], "val_mse": [0.21946434676647186, 0.22707930207252502, 0.21858912706375122, 0.216044083237648, 0.21326881647109985, 0.21367059648036957, 0.21338488161563873, 0.21313104033470154, 0.2131524533033371, 0.2159910798072815, 0.21455369889736176, 0.21086359024047852, 0.21138601005077362, 0.21133720874786377, 0.21194012463092804, 0.21044594049453735, 0.2105129361152649, 0.21050992608070374, 0.21041330695152283, 0.21022556722164154], "lr": [7.600455865031108e-05, 7.600455865031108e-05, 7.600455865031108e-05, 7.600455865031108e-05, 7.600455865031108e-05, 7.600455865031108e-05, 7.600455865031108e-05, 7.600455865031108e-05, 7.600455865031108e-05, 7.600455865031108e-05, 7.600455865031108e-05, 3.800227932515554e-05, 3.800227932515554e-05, 3.800227932515554e-05, 3.800227932515554e-05, 1.900113966257777e-05, 1.900113966257777e-05, 1.900113966257777e-05, 1.900113966257777e-05, 9.500569831288885e-06]}