{"loss": [0.2330716848373413, 0.20868894457817078, 0.20730525255203247, 0.20685110986232758, 0.20658376812934875, 0.20645509660243988, 0.20634520053863525, 0.20640571415424347, 0.20578940212726593, 0.20570087432861328, 0.2055528163909912, 0.20539569854736328, 0.20543000102043152, 0.2051006257534027, 0.20502294600009918, 0.20502933859825134, 0.20499148964881897, 0.20492437481880188, 0.20494668185710907, 0.20488139986991882], "mse": [0.21113352477550507, 0.20466841757297516, 0.204353466629982, 0.2042517364025116, 0.20413683354854584, 0.2040872573852539, 0.20402266085147858, 0.20410698652267456, 0.20359648764133453, 0.20364634692668915, 0.20359835028648376, 0.20352225005626678, 0.2036224901676178, 0.20335842669010162, 0.20333921909332275, 0.2033959925174713, 0.2034013420343399, 0.2033747434616089, 0.20342467725276947, 0.2033858746290207], "val_loss": [0.2259761393070221, 0.22144775092601776, 0.24119041860103607, 0.2633316218852997, 0.21751700341701508, 0.22240789234638214, 0.2248356193304062, 0.2251976877450943, 0.21798206865787506, 0.21672113239765167, 0.21655990183353424, 0.2169373780488968, 0.21640388667583466, 0.2162032574415207, 0.21643054485321045, 0.21627773344516754, 0.21619410812854767, 0.2147841900587082, 0.2147785872220993, 0.2147502303123474], "val_mse": [0.22053386270999908, 0.21811391413211823, 0.23838847875595093, 0.2607470452785492, 0.21504268050193787, 0.21999230980873108, 0.22245928645133972, 0.22283457219600677, 0.21586574614048004, 0.21471638977527618, 0.21465034782886505, 0.2150963395833969, 0.21462348103523254, 0.21451438963413239, 0.21479155123233795, 0.21468490362167358, 0.2146458774805069, 0.21328260004520416, 0.21330630779266357, 0.2133004516363144], "lr": [0.0003652640734799206, 0.0003652640734799206, 0.0003652640734799206, 0.0003652640734799206, 0.0003652640734799206, 0.0003652640734799206, 0.0003652640734799206, 0.0003652640734799206, 0.0001826320367399603, 0.0001826320367399603, 0.0001826320367399603, 0.0001826320367399603, 0.0001826320367399603, 9.131601836998016e-05, 9.131601836998016e-05, 9.131601836998016e-05, 9.131601836998016e-05, 4.565800918499008e-05, 4.565800918499008e-05, 4.565800918499008e-05]}