{"loss": [0.22181664407253265, 0.21215876936912537, 0.20783208310604095, 0.20506002008914948, 0.20258499681949615, 0.20125778019428253, 0.19919639825820923, 0.1978653222322464, 0.19671675562858582, 0.19610920548439026, 0.19540256261825562, 0.1947540044784546, 0.19463752210140228, 0.1943816989660263, 0.19343499839305878, 0.19319291412830353, 0.19322600960731506, 0.193134605884552, 0.192657008767128, 0.19249704480171204], "mse": [0.2127910852432251, 0.20582635700702667, 0.204217329621315, 0.20273037254810333, 0.2006109356880188, 0.19946633279323578, 0.19749493896961212, 0.19620943069458008, 0.1950949728488922, 0.19451646506786346, 0.19384169578552246, 0.19320686161518097, 0.19310666620731354, 0.19286055862903595, 0.19193103909492493, 0.19171108305454254, 0.19176241755485535, 0.19168168306350708, 0.19121778011322021, 0.1910794973373413], "val_loss": [0.22337651252746582, 0.2218669056892395, 0.218384250998497, 0.2179655283689499, 0.21829158067703247, 0.21779263019561768, 0.2173929512500763, 0.21657495200634003, 0.2154199630022049, 0.21487140655517578, 0.21656396985054016, 0.21388009190559387, 0.21240763366222382, 0.21723008155822754, 0.21580113470554352, 0.2133529782295227, 0.21083371341228485, 0.21090297400951385, 0.2104143351316452, 0.21186214685440063], "val_mse": [0.2156197428703308, 0.21698103845119476, 0.21565623581409454, 0.21585364639759064, 0.21644999086856842, 0.21608217060565948, 0.21573153138160706, 0.21494680643081665, 0.21382252871990204, 0.21330653131008148, 0.21500743925571442, 0.2123531848192215, 0.2108883410692215, 0.21570618450641632, 0.2143082469701767, 0.2118849903345108, 0.20937685668468475, 0.20945493876934052, 0.20898738503456116, 0.21044988930225372], "lr": [0.00027563670300878584, 0.00027563670300878584, 0.00027563670300878584, 0.00027563670300878584, 0.00013781835150439292, 0.00013781835150439292, 0.00013781835150439292, 6.890917575219646e-05, 6.890917575219646e-05, 6.890917575219646e-05, 6.890917575219646e-05, 6.890917575219646e-05, 6.890917575219646e-05, 6.890917575219646e-05, 6.890917575219646e-05, 6.890917575219646e-05, 3.445458787609823e-05, 3.445458787609823e-05, 3.445458787609823e-05, 3.445458787609823e-05]}