{"loss": [0.13375626504421234, 0.11579295992851257, 0.11581545323133469, 0.11580727994441986, 0.11582872271537781, 0.11575102806091309, 0.11578494310379028, 0.11584310233592987, 0.11591590940952301, 0.11584153771400452, 0.11564881354570389, 0.11575974524021149, 0.11564627289772034, 0.11574321985244751, 0.11557479947805405, 0.11548765003681183, 0.1154634952545166, 0.1155482828617096, 0.11514578014612198, 0.11525169759988785], "mean_squared_error": [0.13375626504421234, 0.11579295992851257, 0.11581545323133469, 0.11580727994441986, 0.11582872271537781, 0.11575102806091309, 0.11578494310379028, 0.11584310233592987, 0.11591590940952301, 0.11584153771400452, 0.11564881354570389, 0.11575974524021149, 0.11564627289772034, 0.11574321985244751, 0.11557479947805405, 0.11548765003681183, 0.1154634952545166, 0.1155482828617096, 0.11514578014612198, 0.11525169759988785], "val_loss": [0.12840329110622406, 0.12943243980407715, 0.1291828155517578, 0.13024836778640747, 0.12794990837574005, 0.12711766362190247, 0.12681278586387634, 0.12593886256217957, 0.12557585537433624, 0.12561871111392975, 0.12620146572589874, 0.12558770179748535, 0.1255168318748474, 0.12508434057235718, 0.1251993477344513, 0.12547503411769867, 0.12542057037353516, 0.12533512711524963, 0.12459979206323624, 0.12449833005666733], "val_mean_squared_error": [0.12840329110622406, 0.12943243980407715, 0.1291828155517578, 0.13024836778640747, 0.12794990837574005, 0.12711766362190247, 0.12681278586387634, 0.12593886256217957, 0.12557585537433624, 0.12561871111392975, 0.12620146572589874, 0.12558770179748535, 0.1255168318748474, 0.12508434057235718, 0.1251993477344513, 0.12547503411769867, 0.12542057037353516, 0.12533512711524963, 0.12459979206323624, 0.12449833005666733]}