{"loss": [0.1218750849366188, 0.11576636135578156, 0.11565455049276352, 0.11562641710042953, 0.11570071429014206, 0.11576615273952484, 0.11600082367658615, 0.11588574200868607, 0.115907683968544, 0.11589733511209488, 0.11600837856531143, 0.11592613905668259, 0.11594080179929733, 0.1159336045384407, 0.11596174538135529, 0.11592449247837067, 0.11593206971883774, 0.11593673378229141, 0.1159328818321228, 0.11591161787509918], "mse": [0.11688634008169174, 0.11571700125932693, 0.11563628911972046, 0.11561106145381927, 0.11568427830934525, 0.115754634141922, 0.11599088460206985, 0.11587590724229813, 0.11589746922254562, 0.11588694155216217, 0.11599855870008469, 0.11591610312461853, 0.1159304678440094, 0.11592358350753784, 0.11595171689987183, 0.11591439694166183, 0.11592171341180801, 0.1159263625741005, 0.11592293530702591, 0.11590143293142319], "val_loss": [0.12619175016880035, 0.12564237415790558, 0.1237001046538353, 0.12364110350608826, 0.12371336668729782, 0.12364648282527924, 0.12301760911941528, 0.12301241606473923, 0.12302708625793457, 0.12302228063344955, 0.12262625992298126, 0.1225896030664444, 0.12259583920240402, 0.12258550524711609, 0.12242810428142548, 0.12238801270723343, 0.12237882614135742, 0.1223791316151619, 0.12232832610607147, 0.12230148911476135], "val_mse": [0.12609300017356873, 0.12562063336372375, 0.12368419766426086, 0.12362400442361832, 0.12370163947343826, 0.12363727390766144, 0.12300976365804672, 0.12300428003072739, 0.12301904708147049, 0.12301376461982727, 0.12261752039194107, 0.12258061021566391, 0.12258672714233398, 0.12257621437311172, 0.12241879105567932, 0.12237858772277832, 0.122369185090065, 0.12236939370632172, 0.12231864035129547, 0.12229162454605103], "lr": [0.0006048384821042418, 0.0006048384821042418, 0.0006048384821042418, 0.0006048384821042418, 0.0006048384821042418, 0.0006048384821042418, 0.0003024192410521209, 0.0003024192410521209, 0.0003024192410521209, 0.0003024192410521209, 0.00015120962052606046, 0.00015120962052606046, 0.00015120962052606046, 0.00015120962052606046, 7.560481026303023e-05, 7.560481026303023e-05, 7.560481026303023e-05, 7.560481026303023e-05, 3.7802405131515115e-05, 3.7802405131515115e-05]}