{"loss": [0.15791930258274078, 0.1230282336473465, 0.11656241863965988, 0.11623366922140121, 0.11610830575227737, 0.11601781845092773, 0.11603282392024994, 0.11597585678100586, 0.11595353484153748, 0.1159672737121582, 0.11592000722885132, 0.11591257899999619, 0.11590493470430374, 0.11587688326835632, 0.11589699983596802, 0.11586740612983704, 0.11587448418140411, 0.11585631966590881, 0.11585742980241776, 0.1158677414059639], "mse": [0.11813217401504517, 0.1165495291352272, 0.11615217477083206, 0.11610054224729538, 0.11603683978319168, 0.11597777903079987, 0.11601945012807846, 0.11596830934286118, 0.11594779044389725, 0.11596222966909409, 0.11591552942991257, 0.11590849608182907, 0.11590108275413513, 0.11587334424257278, 0.1158934012055397, 0.11586418747901917, 0.11587125808000565, 0.11585324257612228, 0.1158541887998581, 0.1158645749092102], "val_loss": [0.15916410088539124, 0.12709392607212067, 0.12241543084383011, 0.1259143054485321, 0.12865924835205078, 0.12337958812713623, 0.12329220771789551, 0.1225256472826004, 0.12264583259820938, 0.1223844364285469, 0.12219922244548798, 0.12262893468141556, 0.12206710129976273, 0.12217120081186295, 0.12362460047006607, 0.12205289304256439, 0.12230806052684784, 0.12210908532142639, 0.12222927063703537, 0.1222027987241745], "val_mse": [0.14071373641490936, 0.12599192559719086, 0.12226925790309906, 0.12580645084381104, 0.1286114752292633, 0.12335969507694244, 0.12328381091356277, 0.12251915782690048, 0.1226407065987587, 0.12237957864999771, 0.1221947893500328, 0.12262509763240814, 0.12206347286701202, 0.12216750532388687, 0.12362125515937805, 0.12204967439174652, 0.12230490893125534, 0.12210600078105927, 0.12222632020711899, 0.12219975143671036], "lr": [0.00011030651512555778, 0.00011030651512555778, 0.00011030651512555778, 0.00011030651512555778, 0.00011030651512555778, 0.00011030651512555778, 5.515325756277889e-05, 5.515325756277889e-05, 5.515325756277889e-05, 2.7576628781389445e-05, 2.7576628781389445e-05, 2.7576628781389445e-05, 1.3788314390694723e-05, 1.3788314390694723e-05, 1.3788314390694723e-05, 1.3788314390694723e-05, 6.894157195347361e-06, 6.894157195347361e-06, 6.894157195347361e-06, 3.4470785976736806e-06]}