{"loss": [0.11758806556463242, 0.11577045172452927, 0.115648053586483, 0.11561766266822815, 0.11562454700469971, 0.11560652405023575, 0.11562764644622803, 0.1156117171049118, 0.11563673615455627, 0.11560289561748505, 0.11564807593822479, 0.11582433432340622, 0.11577944457530975, 0.115774966776371, 0.11578000336885452, 0.11580264568328857, 0.11578013747930527, 0.11579569429159164, 0.1159568652510643, 0.11586859077215195], "mse": [0.11595775187015533, 0.11570611596107483, 0.1156330332159996, 0.11560705304145813, 0.1156153753399849, 0.11559714376926422, 0.11561895161867142, 0.11560337245464325, 0.11562830209732056, 0.1155942976474762, 0.1156393364071846, 0.11581595242023468, 0.11577126383781433, 0.11576607823371887, 0.11577185988426208, 0.11579407006502151, 0.11577108502388, 0.11578666418790817, 0.11594807356595993, 0.11585955321788788], "val_loss": [0.13748323917388916, 0.12536635994911194, 0.12459200620651245, 0.12499979883432388, 0.12400726228952408, 0.12445367127656937, 0.12415152788162231, 0.12389729917049408, 0.12405672669410706, 0.12383000552654266, 0.12387264519929886, 0.12349405884742737, 0.12389843165874481, 0.12350800633430481, 0.123289555311203, 0.12349209934473038, 0.12361107766628265, 0.12386561930179596, 0.1231645718216896, 0.12312886863946915], "val_mse": [0.13733123242855072, 0.12534505128860474, 0.12458081543445587, 0.12499020993709564, 0.12399887293577194, 0.12444501370191574, 0.12414282560348511, 0.1238890215754509, 0.12404834479093552, 0.12382166087627411, 0.12386454641819, 0.12348734587430954, 0.12389149516820908, 0.12350097298622131, 0.12328246980905533, 0.1234847754240036, 0.12360356748104095, 0.1238582506775856, 0.12315705418586731, 0.12312163412570953], "lr": [0.0006934540579095483, 0.0006934540579095483, 0.0006934540579095483, 0.0006934540579095483, 0.0006934540579095483, 0.0006934540579095483, 0.0006934540579095483, 0.0006934540579095483, 0.0006934540579095483, 0.0006934540579095483, 0.0006934540579095483, 0.00034672702895477414, 0.00034672702895477414, 0.00034672702895477414, 0.00034672702895477414, 0.00034672702895477414, 0.00034672702895477414, 0.00034672702895477414, 0.00017336351447738707, 0.00017336351447738707]}