{"loss": [0.14678002893924713, 0.12117362022399902, 0.11745364218950272, 0.11615042388439178, 0.1156863197684288, 0.11535844951868057, 0.1149965301156044, 0.11431989818811417, 0.11400861293077469, 0.1138501912355423, 0.1139092817902565, 0.11355175822973251, 0.113387331366539, 0.11354906857013702, 0.11335935443639755, 0.11326366662979126, 0.11330925673246384, 0.11322502046823502, 0.113131083548069, 0.11318451166152954], "mse": [0.1207808330655098, 0.1174069195985794, 0.11556258052587509, 0.11477474123239517, 0.1145186722278595, 0.1142711490392685, 0.11392925679683685, 0.11321878433227539, 0.1128830537199974, 0.11271673440933228, 0.11278845369815826, 0.11242375522851944, 0.11225713789463043, 0.1124236211180687, 0.11223627626895905, 0.11214228719472885, 0.1121920794248581, 0.11210785061120987, 0.11201414465904236, 0.11206948757171631], "val_loss": [0.1340743452310562, 0.12619438767433167, 0.12444903701543808, 0.12532074749469757, 0.12644216418266296, 0.12737715244293213, 0.12354882061481476, 0.12741756439208984, 0.12672866880893707, 0.1264212429523468, 0.12750646471977234, 0.12735062837600708, 0.12727747857570648, 0.12755407392978668, 0.12752871215343475, 0.1274033933877945, 0.12701791524887085, 0.1272510141134262, 0.12706822156906128, 0.1266905963420868], "val_mse": [0.12629452347755432, 0.12384171038866043, 0.12297779321670532, 0.12412654608488083, 0.12538880109786987, 0.12633132934570312, 0.1224965751171112, 0.12632670998573303, 0.12561088800430298, 0.12530338764190674, 0.1263876110315323, 0.126227006316185, 0.1261511892080307, 0.12643232941627502, 0.12641027569770813, 0.12628693878650665, 0.12590211629867554, 0.12613536417484283, 0.12595415115356445, 0.12557612359523773], "lr": [6.662301166215912e-05, 6.662301166215912e-05, 6.662301166215912e-05, 6.662301166215912e-05, 6.662301166215912e-05, 6.662301166215912e-05, 3.331150583107956e-05, 3.331150583107956e-05, 3.331150583107956e-05, 3.331150583107956e-05, 1.665575291553978e-05, 1.665575291553978e-05, 1.665575291553978e-05, 8.32787645776989e-06, 8.32787645776989e-06, 8.32787645776989e-06, 4.163938228884945e-06, 4.163938228884945e-06, 4.163938228884945e-06, 2.0819691144424723e-06]}