{"loss": [0.11672346293926239, 0.11604705452919006, 0.11567820608615875, 0.1158449724316597, 0.11586443334817886, 0.11577332764863968, 0.11569520831108093, 0.11567103117704391, 0.11583033204078674, 0.1158003881573677, 0.11581006646156311, 0.11580311506986618, 0.11597485095262527, 0.11588124185800552, 0.11589869111776352, 0.11591137945652008, 0.11600204557180405, 0.11594187468290329, 0.11592064797878265, 0.11593980342149734], "mse": [0.11502933502197266, 0.11536689102649689, 0.11558952182531357, 0.11565737426280975, 0.11564721167087555, 0.11564677953720093, 0.11564268916845322, 0.1156531423330307, 0.11581951379776001, 0.11579012870788574, 0.11579946428537369, 0.1157926619052887, 0.11596479266881943, 0.11587055027484894, 0.11588798463344574, 0.1159004345536232, 0.11599155515432358, 0.11593106389045715, 0.11591003090143204, 0.11592888087034225], "val_loss": [0.134195014834404, 0.12487272918224335, 0.12901248037815094, 0.12689876556396484, 0.12411252409219742, 0.12408105283975601, 0.13294413685798645, 0.12388260662555695, 0.12352403998374939, 0.12354511022567749, 0.12358029931783676, 0.12354319542646408, 0.12303687632083893, 0.12302757799625397, 0.12303466349840164, 0.12303756177425385, 0.12263718992471695, 0.12262684106826782, 0.1226135864853859, 0.12263171374797821], "val_mse": [0.1328420639038086, 0.12478218972682953, 0.12895850837230682, 0.12651561200618744, 0.12396139651536942, 0.12396270781755447, 0.1329161524772644, 0.12387054413557053, 0.12351589649915695, 0.12353679537773132, 0.12357225269079208, 0.12353482097387314, 0.1230279877781868, 0.12301875650882721, 0.12302560359239578, 0.12302829325199127, 0.12262751907110214, 0.12261712551116943, 0.12260372936725616, 0.12262184917926788], "lr": [0.0012323901755735278, 0.0012323901755735278, 0.0012323901755735278, 0.0012323901755735278, 0.0012323901755735278, 0.0012323901755735278, 0.0012323901755735278, 0.0012323901755735278, 0.0006161950877867639, 0.0006161950877867639, 0.0006161950877867639, 0.0006161950877867639, 0.00030809754389338195, 0.00030809754389338195, 0.00030809754389338195, 0.00030809754389338195, 0.00015404877194669098, 0.00015404877194669098, 0.00015404877194669098, 0.00015404877194669098]}