{"loss": [0.12616883218288422, 0.11589951068162918, 0.11593937873840332, 0.1157354936003685, 0.11546652764081955, 0.11538447439670563, 0.11538244038820267, 0.11536227911710739, 0.11567916721105576, 0.11550863087177277, 0.115480937063694, 0.11547479033470154, 0.1158539429306984, 0.11563669145107269, 0.11563065648078918, 0.11562172323465347, 0.11592163145542145, 0.11573434621095657, 0.11573807895183563, 0.11573656648397446], "mse": [0.11564947664737701, 0.11492233723402023, 0.11511719971895218, 0.11503749340772629, 0.11511113494634628, 0.11508635431528091, 0.11509677022695541, 0.11508069932460785, 0.11543535441160202, 0.11528214067220688, 0.11526661366224289, 0.11527114361524582, 0.11567715555429459, 0.11546409130096436, 0.11546486616134644, 0.11546199023723602, 0.11578281968832016, 0.11559117585420609, 0.11559737473726273, 0.11559810489416122], "val_loss": [0.138868048787117, 0.13068842887878418, 0.13181717693805695, 0.1319456845521927, 0.12932802736759186, 0.12944351136684418, 0.1296161711215973, 0.1299111545085907, 0.12652809917926788, 0.12670597434043884, 0.12686562538146973, 0.126976877450943, 0.12421324104070663, 0.1242731437087059, 0.12432861328125, 0.12436936050653458, 0.12300242483615875, 0.1229882463812828, 0.12299279868602753, 0.12300509214401245], "val_mse": [0.13764624297618866, 0.1298665851354599, 0.13110220432281494, 0.13130636513233185, 0.12884627282619476, 0.12899939715862274, 0.1291821449995041, 0.12948369979858398, 0.12626588344573975, 0.12645560503005981, 0.12662431597709656, 0.12674318253993988, 0.12407185137271881, 0.12413594871759415, 0.12419542670249939, 0.12423904240131378, 0.12289223819971085, 0.12287801504135132, 0.12288489937782288, 0.12289921939373016], "lr": [0.00035316465073265135, 0.00035316465073265135, 0.00035316465073265135, 0.00035316465073265135, 0.00035316465073265135, 0.00035316465073265135, 0.00035316465073265135, 0.00035316465073265135, 0.00017658232536632568, 0.00017658232536632568, 0.00017658232536632568, 0.00017658232536632568, 8.829116268316284e-05, 8.829116268316284e-05, 8.829116268316284e-05, 8.829116268316284e-05, 4.414558134158142e-05, 4.414558134158142e-05, 4.414558134158142e-05, 4.414558134158142e-05]}