{"loss": [0.15565776824951172, 0.11954198777675629, 0.11621543765068054, 0.1149478554725647, 0.11436279863119125, 0.11400294303894043, 0.11366429179906845, 0.11328715085983276, 0.11314238607883453, 0.11295809596776962, 0.11281698942184448, 0.11277002096176147, 0.11258754134178162, 0.11254590004682541, 0.11252278834581375, 0.11246442049741745, 0.11240030080080032, 0.11245950311422348, 0.1123877465724945, 0.11232857406139374], "mse": [0.11951453238725662, 0.11633575707674026, 0.11419738829135895, 0.11325815320014954, 0.11286085098981857, 0.11264432966709137, 0.11244887113571167, 0.11215008795261383, 0.11203715205192566, 0.11188321560621262, 0.11178071051836014, 0.11175490915775299, 0.11159101873636246, 0.11156491190195084, 0.11155427247285843, 0.11150531470775604, 0.1114484891295433, 0.11151377111673355, 0.11144595593214035, 0.11139029264450073], "val_loss": [0.1324407458305359, 0.12595655024051666, 0.12394122779369354, 0.12412155419588089, 0.12436928600072861, 0.1250762790441513, 0.12397559732198715, 0.1250232458114624, 0.12659788131713867, 0.12774106860160828, 0.1283315122127533, 0.12806658446788788, 0.1290891170501709, 0.1290382742881775, 0.12926512956619263, 0.12959590554237366, 0.12967608869075775, 0.12968942523002625, 0.12986503541469574, 0.12983497977256775], "val_mse": [0.12688583135604858, 0.12380070984363556, 0.12211249768733978, 0.12252482771873474, 0.12291311472654343, 0.1237529069185257, 0.12280162423849106, 0.12390173226594925, 0.12550285458564758, 0.1266796737909317, 0.12730416655540466, 0.12705913186073303, 0.12809742987155914, 0.1280602216720581, 0.12829990684986115, 0.12863889336585999, 0.12872634828090668, 0.12874482572078705, 0.1289239376783371, 0.12889768183231354], "lr": [6.503008626168594e-05, 6.503008626168594e-05, 6.503008626168594e-05, 6.503008626168594e-05, 6.503008626168594e-05, 6.503008626168594e-05, 3.251504313084297e-05, 3.251504313084297e-05, 3.251504313084297e-05, 1.6257521565421484e-05, 1.6257521565421484e-05, 1.6257521565421484e-05, 8.128760782710742e-06, 8.128760782710742e-06, 8.128760782710742e-06, 4.064380391355371e-06, 4.064380391355371e-06, 4.064380391355371e-06, 2.0321901956776856e-06, 2.0321901956776856e-06]}