{"loss": [0.12268836796283722, 0.11606096476316452, 0.115854911506176, 0.11591333895921707, 0.11591148376464844, 0.1157020553946495, 0.11541388928890228, 0.11551142483949661, 0.11546193808317184, 0.11520735174417496, 0.115244559943676, 0.11462865769863129, 0.11555838584899902, 0.11442463099956512, 0.11362523585557938, 0.11304353922605515, 0.11249382793903351, 0.11257345974445343, 0.11170263588428497, 0.11214938014745712], "mse": [0.11786755919456482, 0.11531268060207367, 0.11526867747306824, 0.11545027047395706, 0.11552207916975021, 0.1154068261384964, 0.11503779888153076, 0.11514723300933838, 0.11513268202543259, 0.11494782567024231, 0.11493828147649765, 0.11430139094591141, 0.11523178219795227, 0.11412845551967621, 0.11327990144491196, 0.11267370730638504, 0.11213399469852448, 0.11221625655889511, 0.11134284734725952, 0.11178505420684814], "val_loss": [0.12796242535114288, 0.1263912171125412, 0.12962816655635834, 0.13179676234722137, 0.1251436322927475, 0.12442726641893387, 0.12479230761528015, 0.12488733232021332, 0.1247088834643364, 0.12432880699634552, 0.12434232234954834, 0.12390100210905075, 0.12386800348758698, 0.12460019439458847, 0.12455105781555176, 0.12333133816719055, 0.12399730086326599, 0.12622521817684174, 0.12605802714824677, 0.12510345876216888], "val_mse": [0.1268702894449234, 0.12584003806114197, 0.12914356589317322, 0.13149704039096832, 0.1248212605714798, 0.12419500946998596, 0.12445801496505737, 0.12458987534046173, 0.12445217370986938, 0.1240130066871643, 0.12402532249689102, 0.1235632672905922, 0.12355653196573257, 0.12428189814090729, 0.12416070699691772, 0.12297803163528442, 0.1236431673169136, 0.12587067484855652, 0.12567980587482452, 0.12473995238542557], "lr": [0.0005747908726334572, 0.0005747908726334572, 0.0005747908726334572, 0.0005747908726334572, 0.0005747908726334572, 0.0005747908726334572, 0.0005747908726334572, 0.0005747908726334572, 0.0005747908726334572, 0.0002873954363167286, 0.0002873954363167286, 0.0002873954363167286, 0.0002873954363167286, 0.0002873954363167286, 0.0002873954363167286, 0.0001436977181583643, 0.0001436977181583643, 0.0001436977181583643, 0.0001436977181583643, 7.184885907918215e-05]}