{"loss": [0.14845311641693115, 0.1177453026175499, 0.11899680644273758, 0.11893688142299652, 0.11893578618764877, 0.11893578618764877, 0.11893578618764877, 0.11893578618764877, 0.11893578618764877, 0.11893578618764877, 0.11893578618764877, 0.11893578618764877, 0.11893578618764877, 0.11893578618764877, 0.11893578618764877, 0.11893578618764877, 0.11893578618764877, 0.11893578618764877, 0.11893578618764877, 0.11893578618764877], "mse": [0.12305482476949692, 0.11677079647779465, 0.11893578618764877, 0.11893578618764877, 0.11893578618764877, 0.11893578618764877, 0.11893578618764877, 0.11893578618764877, 0.11893578618764877, 0.11893578618764877, 0.11893578618764877, 0.11893578618764877, 0.11893578618764877, 0.11893578618764877, 0.11893578618764877, 0.11893578618764877, 0.11893578618764877, 0.11893578618764877, 0.11893578618764877, 0.11893578618764877], "val_loss": [0.13011418282985687, 0.12661616504192352, 0.12642066180706024, 0.12641459703445435, 0.12641458213329315, 0.12641458213329315, 0.12641458213329315, 0.12641458213329315, 0.12641458213329315, 0.12641458213329315, 0.12641458213329315, 0.12641458213329315, 0.12641458213329315, 0.12641458213329315, 0.12641458213329315, 0.12641458213329315, 0.12641458213329315, 0.12641458213329315, 0.12641458213329315, 0.12641458213329315], "val_mse": [0.12836304306983948, 0.12641458213329315, 0.12641458213329315, 0.12641458213329315, 0.12641458213329315, 0.12641458213329315, 0.12641458213329315, 0.12641458213329315, 0.12641458213329315, 0.12641458213329315, 0.12641458213329315, 0.12641458213329315, 0.12641458213329315, 0.12641458213329315, 0.12641458213329315, 0.12641458213329315, 0.12641458213329315, 0.12641458213329315, 0.12641458213329315, 0.12641458213329315], "lr": [0.00029047735733911395, 0.00029047735733911395, 0.00029047735733911395, 0.00029047735733911395, 0.00029047735733911395, 0.00014523867866955698, 0.00014523867866955698, 0.00014523867866955698, 7.261933933477849e-05, 7.261933933477849e-05, 7.261933933477849e-05, 3.6309669667389244e-05, 3.6309669667389244e-05, 3.6309669667389244e-05, 1.8154834833694622e-05, 1.8154834833694622e-05, 1.8154834833694622e-05, 9.077417416847311e-06, 9.077417416847311e-06, 9.077417416847311e-06]}