{"loss": [0.1222364753484726, 0.1162809431552887, 0.11582891643047333, 0.11541883647441864, 0.11562785506248474, 0.11581827700138092, 0.11534692347049713, 0.11451134830713272, 0.11455954611301422, 0.1134028509259224, 0.11253920942544937, 0.11188682168722153, 0.11149338632822037, 0.11088026314973831, 0.11040204763412476, 0.11021782457828522, 0.1104135513305664, 0.11013925075531006, 0.1099979355931282, 0.10981397330760956], "mse": [0.11622124165296555, 0.115085169672966, 0.11507049947977066, 0.11460154503583908, 0.1146606057882309, 0.1151520162820816, 0.11461883038282394, 0.1137612834572792, 0.1138833686709404, 0.11264676600694656, 0.11170920729637146, 0.11096017807722092, 0.11052776128053665, 0.10993146896362305, 0.10947032272815704, 0.10929775983095169, 0.1095106452703476, 0.109263576567173, 0.10913850367069244, 0.1089659184217453], "val_loss": [0.13338710367679596, 0.12797962129116058, 0.13191114366054535, 0.12994128465652466, 0.13408848643302917, 0.13186132907867432, 0.13107925653457642, 0.13058432936668396, 0.14103257656097412, 0.12554821372032166, 0.12685862183570862, 0.12766610085964203, 0.1272761970758438, 0.12641574442386627, 0.13418278098106384, 0.1360955536365509, 0.12593305110931396, 0.12636157870292664, 0.12487281858921051, 0.12568503618240356], "val_mse": [0.1321718543767929, 0.12706618010997772, 0.1313532143831253, 0.12927357852458954, 0.1334504783153534, 0.13108688592910767, 0.13041794300079346, 0.1299142688512802, 0.14028961956501007, 0.12475906312465668, 0.12598301470279694, 0.1267123818397522, 0.12627898156642914, 0.12546680867671967, 0.1332588791847229, 0.1351589411497116, 0.12504322826862335, 0.125489741563797, 0.1240159347653389, 0.12483561784029007], "lr": [0.0005928506725467741, 0.0005928506725467741, 0.0005928506725467741, 0.0005928506725467741, 0.0005928506725467741, 0.0002964253362733871, 0.0002964253362733871, 0.0002964253362733871, 0.00014821266813669354, 0.00014821266813669354, 0.00014821266813669354, 0.00014821266813669354, 0.00014821266813669354, 7.410633406834677e-05, 7.410633406834677e-05, 7.410633406834677e-05, 3.7053167034173384e-05, 3.7053167034173384e-05, 3.7053167034173384e-05, 3.7053167034173384e-05]}