{"loss": [0.13374783098697662, 0.11588331311941147, 0.1157885193824768, 0.11583977192640305, 0.1158522367477417, 0.11582671850919724, 0.1156480610370636, 0.11572618037462234, 0.11578601598739624, 0.11568105220794678, 0.11558044701814651, 0.11554001271724701, 0.11559727042913437, 0.11544331163167953, 0.11590301990509033, 0.11583331972360611, 0.1157439798116684, 0.11573966592550278, 0.11564414948225021, 0.11565922945737839], "mean_squared_error": [0.13374783098697662, 0.11588331311941147, 0.1157885193824768, 0.11583977192640305, 0.1158522367477417, 0.11582671850919724, 0.1156480610370636, 0.11572618037462234, 0.11578601598739624, 0.11568105220794678, 0.11558044701814651, 0.11554001271724701, 0.11559727042913437, 0.11544331163167953, 0.11590301990509033, 0.11583331972360611, 0.1157439798116684, 0.11573966592550278, 0.11564414948225021, 0.11565922945737839], "val_loss": [0.12847255170345306, 0.12945270538330078, 0.12809626758098602, 0.1282583773136139, 0.12750563025474548, 0.1280808448791504, 0.12741747498512268, 0.12658920884132385, 0.12708742916584015, 0.1282384842634201, 0.12700872123241425, 0.12611332535743713, 0.12581734359264374, 0.12574639916419983, 0.12444663047790527, 0.12493650615215302, 0.1245935931801796, 0.12413319945335388, 0.12414932996034622, 0.12413725256919861], "val_mean_squared_error": [0.12847255170345306, 0.12945270538330078, 0.12809626758098602, 0.1282583773136139, 0.12750563025474548, 0.1280808448791504, 0.12741747498512268, 0.12658920884132385, 0.12708742916584015, 0.1282384842634201, 0.12700872123241425, 0.12611332535743713, 0.12581734359264374, 0.12574639916419983, 0.12444663047790527, 0.12493650615215302, 0.1245935931801796, 0.12413319945335388, 0.12414932996034622, 0.12413725256919861]}