{"loss": [0.1378929316997528, 0.11682294309139252, 0.1162068098783493, 0.11880624294281006, 0.11894070357084274, 0.11893682181835175, 0.11893580853939056, 0.11893578618764877, 0.11893578618764877, 0.11893578618764877, 0.11893578618764877, 0.11893578618764877, 0.11893578618764877, 0.11893578618764877, 0.11893578618764877, 0.11893578618764877, 0.11893578618764877, 0.11893578618764877, 0.11893578618764877, 0.11893578618764877], "mse": [0.11949052661657333, 0.11640599370002747, 0.11613544821739197, 0.1187877282500267, 0.11893578618764877, 0.11893578618764877, 0.11893578618764877, 0.11893578618764877, 0.11893578618764877, 0.11893578618764877, 0.11893578618764877, 0.11893578618764877, 0.11893578618764877, 0.11893578618764877, 0.11893578618764877, 0.11893578618764877, 0.11893578618764877, 0.11893578618764877, 0.11893578618764877, 0.11893578618764877], "val_loss": [0.12448923289775848, 0.12467123568058014, 0.12632566690444946, 0.12642262876033783, 0.1264173984527588, 0.1264146864414215, 0.12641458213329315, 0.12641458213329315, 0.12641458213329315, 0.12641458213329315, 0.12641458213329315, 0.12641458213329315, 0.12641458213329315, 0.12641458213329315, 0.12641458213329315, 0.12641458213329315, 0.12641458213329315, 0.12641458213329315, 0.12641458213329315, 0.12641458213329315], "val_mse": [0.12342673540115356, 0.12453953176736832, 0.12628965079784393, 0.12641458213329315, 0.12641458213329315, 0.12641458213329315, 0.12641458213329315, 0.12641458213329315, 0.12641458213329315, 0.12641458213329315, 0.12641458213329315, 0.12641458213329315, 0.12641458213329315, 0.12641458213329315, 0.12641458213329315, 0.12641458213329315, 0.12641458213329315, 0.12641458213329315, 0.12641458213329315, 0.12641458213329315], "lr": [0.0002668480447027832, 0.0002668480447027832, 0.0002668480447027832, 0.0002668480447027832, 0.0001334240223513916, 0.0001334240223513916, 0.0001334240223513916, 6.67120111756958e-05, 6.67120111756958e-05, 6.67120111756958e-05, 3.33560055878479e-05, 3.33560055878479e-05, 3.33560055878479e-05, 1.667800279392395e-05, 1.667800279392395e-05, 1.667800279392395e-05, 8.339001396961976e-06, 8.339001396961976e-06, 8.339001396961976e-06, 4.169500698480988e-06]}