{"loss": [0.12694399058818817, 0.11813175678253174, 0.11730176210403442, 0.11679680645465851, 0.1165686845779419, 0.11615004390478134, 0.11611869186162949, 0.11635791510343552, 0.11611653864383698, 0.116024449467659, 0.11598073691129684, 0.11586815118789673, 0.11580023914575577, 0.11554841697216034, 0.11569566279649734, 0.11579772084951401, 0.11582441627979279, 0.11557430773973465, 0.11564219743013382, 0.11549925059080124], "mse": [0.11849358677864075, 0.11560823023319244, 0.11580735445022583, 0.11561558395624161, 0.11572141200304031, 0.11539644002914429, 0.1154341772198677, 0.11574593186378479, 0.11560256779193878, 0.11550314724445343, 0.11550344526767731, 0.11542198807001114, 0.11537934839725494, 0.11515012383460999, 0.11529308557510376, 0.11539781838655472, 0.11543340981006622, 0.11519166827201843, 0.11526837199926376, 0.11512621492147446], "val_loss": [0.1316463053226471, 0.12875506281852722, 0.12860827147960663, 0.12535972893238068, 0.1303732842206955, 0.12659303843975067, 0.12714612483978271, 0.14202527701854706, 0.12506438791751862, 0.12483528256416321, 0.12461748719215393, 0.1240004375576973, 0.12483132630586624, 0.12458616495132446, 0.124656543135643, 0.12432500720024109, 0.12370247393846512, 0.12431948632001877, 0.12500503659248352, 0.12438994646072388], "val_mse": [0.1276324838399887, 0.1268174946308136, 0.1274300515651703, 0.12436752021312714, 0.12961098551750183, 0.12574619054794312, 0.12643268704414368, 0.14151667058467865, 0.1246144026517868, 0.12433311343193054, 0.12416176497936249, 0.12356946617364883, 0.12441970407962799, 0.12417838722467422, 0.12425091117620468, 0.12392861396074295, 0.1233125776052475, 0.12394114583730698, 0.12463431060314178, 0.1240176409482956], "lr": [0.00032277830177918077, 0.00032277830177918077, 0.00032277830177918077, 0.00032277830177918077, 0.00032277830177918077, 0.00032277830177918077, 0.00032277830177918077, 0.00016138915088959038, 0.00016138915088959038, 0.00016138915088959038, 8.069457544479519e-05, 8.069457544479519e-05, 8.069457544479519e-05, 8.069457544479519e-05, 8.069457544479519e-05, 4.0347287722397596e-05, 4.0347287722397596e-05, 4.0347287722397596e-05, 4.0347287722397596e-05, 4.0347287722397596e-05]}