{"loss": [0.13246646523475647, 0.11770948767662048, 0.116607166826725, 0.11612190306186676, 0.11577870696783066, 0.11535364389419556, 0.11470639705657959, 0.11471857875585556, 0.11389017850160599, 0.11386921256780624, 0.113627590239048, 0.11336392909288406, 0.11335860937833786, 0.11333120614290237, 0.11320425570011139, 0.11300088465213776, 0.11298548430204391, 0.11301396042108536, 0.11284183710813522, 0.11287546157836914], "mse": [0.11810015887022018, 0.11689773201942444, 0.11604224890470505, 0.11555440723896027, 0.1151929572224617, 0.1147480458021164, 0.11410076171159744, 0.11416085809469223, 0.1133584976196289, 0.11333760619163513, 0.11314797401428223, 0.11286808550357819, 0.11288216710090637, 0.1128685250878334, 0.11275699734687805, 0.11255774646997452, 0.11253749579191208, 0.11256706714630127, 0.11239557713270187, 0.11243224889039993], "val_loss": [0.17459949851036072, 0.12485001236200333, 0.12510742247104645, 0.12318848073482513, 0.12583906948566437, 0.1442452073097229, 0.12820833921432495, 0.12334085255861282, 0.123438261449337, 0.12330217659473419, 0.12307930737733841, 0.12664605677127838, 0.12325858324766159, 0.1239791065454483, 0.12319662421941757, 0.12310495972633362, 0.12301582843065262, 0.12441211193799973, 0.1243186816573143, 0.12352783232927322], "val_mse": [0.17294944822788239, 0.1243484616279602, 0.12466708570718765, 0.12275320291519165, 0.12540335953235626, 0.14367520809173584, 0.12770940363407135, 0.1227993443608284, 0.12294764071702957, 0.12279896438121796, 0.12261714786291122, 0.1261417120695114, 0.12279632687568665, 0.12349794059991837, 0.12275875359773636, 0.1226605623960495, 0.12256977707147598, 0.12397187203168869, 0.12387444823980331, 0.12309090793132782], "lr": [9.51735710259527e-05, 9.51735710259527e-05, 9.51735710259527e-05, 9.51735710259527e-05, 9.51735710259527e-05, 9.51735710259527e-05, 9.51735710259527e-05, 4.758678551297635e-05, 4.758678551297635e-05, 4.758678551297635e-05, 2.3793392756488174e-05, 2.3793392756488174e-05, 2.3793392756488174e-05, 2.3793392756488174e-05, 1.1896696378244087e-05, 1.1896696378244087e-05, 1.1896696378244087e-05, 5.9483481891220436e-06, 5.9483481891220436e-06, 5.9483481891220436e-06]}