{"loss": [0.128487229347229, 0.11787576973438263, 0.11731134355068207, 0.11655368655920029, 0.11624123901128769, 0.11604945361614227, 0.11604197323322296, 0.11611150205135345, 0.11619345843791962, 0.11594738066196442, 0.1160222664475441, 0.11596664041280746, 0.1158851906657219, 0.11585219949483871, 0.11584055423736572, 0.11596202105283737, 0.11584167182445526, 0.11584609746932983, 0.11583195626735687, 0.11584921926259995], "mse": [0.11722759902477264, 0.1147383525967598, 0.11546353250741959, 0.11542730778455734, 0.11587453633546829, 0.11569592356681824, 0.11564737558364868, 0.11567559093236923, 0.11592302471399307, 0.1157192513346672, 0.1158202663064003, 0.11578306555747986, 0.11572366207838058, 0.11570202559232712, 0.11570797115564346, 0.11585307866334915, 0.11574279516935349, 0.11575290560722351, 0.1157420203089714, 0.11576095968484879], "val_loss": [0.1272624433040619, 0.13352689146995544, 0.13378013670444489, 0.1269761323928833, 0.1237494945526123, 0.12841695547103882, 0.12648029625415802, 0.1251412183046341, 0.1234593465924263, 0.12481407076120377, 0.12358051538467407, 0.12295745313167572, 0.12298952788114548, 0.1248292475938797, 0.12355908751487732, 0.12308046221733093, 0.12254659831523895, 0.12280198186635971, 0.12290209531784058, 0.12275996804237366], "val_mse": [0.12532566487789154, 0.13192890584468842, 0.13230279088020325, 0.12649017572402954, 0.12345197796821594, 0.12799197435379028, 0.12618088722229004, 0.124824158847332, 0.1232243999838829, 0.12460622936487198, 0.12340525537729263, 0.12279101461172104, 0.1228417158126831, 0.12469469010829926, 0.12344146519899368, 0.12298020720481873, 0.12245457619428635, 0.12271382659673691, 0.12281619012355804, 0.12267323583364487], "lr": [0.0004342152096796781, 0.0004342152096796781, 0.0004342152096796781, 0.0004342152096796781, 0.00021710760483983904, 0.00021710760483983904, 0.00021710760483983904, 0.00021710760483983904, 0.00010855380241991952, 0.00010855380241991952, 0.00010855380241991952, 0.00010855380241991952, 0.00010855380241991952, 0.00010855380241991952, 0.00010855380241991952, 5.427690120995976e-05, 5.427690120995976e-05, 5.427690120995976e-05, 5.427690120995976e-05, 5.427690120995976e-05]}