{"loss": [0.17225302755832672, 0.12557658553123474, 0.12220942229032516, 0.12035040557384491, 0.11937645077705383, 0.11877206712961197, 0.11819510161876678, 0.1178375706076622, 0.11763104796409607, 0.11737535148859024, 0.11724328994750977, 0.11715873330831528, 0.11702724546194077, 0.11694743484258652, 0.11691295355558395, 0.11686878651380539, 0.11679098755121231, 0.1168898493051529, 0.11683186143636703, 0.11680948734283447], "mse": [0.16221129894256592, 0.11861149966716766, 0.11788339912891388, 0.11743675172328949, 0.11713453382253647, 0.11683274805545807, 0.1164030060172081, 0.11615437269210815, 0.11601807177066803, 0.1158028095960617, 0.11570482701063156, 0.11564771831035614, 0.11553295701742172, 0.11547110974788666, 0.11544761061668396, 0.11541147530078888, 0.11534089595079422, 0.11544516682624817, 0.11539091169834137, 0.11537236720323563], "val_loss": [0.13493336737155914, 0.13012860715389252, 0.2107492834329605, 0.13118189573287964, 0.12724898755550385, 0.12781517207622528, 0.1281324177980423, 0.12792183458805084, 0.1266244649887085, 0.1277608573436737, 0.12810905277729034, 0.12820982933044434, 0.1281556338071823, 0.12772800028324127, 0.12825429439544678, 0.1279502958059311, 0.12783661484718323, 0.12861661612987518, 0.12858006358146667, 0.12856784462928772], "val_mse": [0.1262037307024002, 0.12472577393054962, 0.20731201767921448, 0.12870143353939056, 0.1252371370792389, 0.1259751170873642, 0.12641340494155884, 0.1262989342212677, 0.1250419169664383, 0.1262143850326538, 0.1265973001718521, 0.12670977413654327, 0.12667208909988403, 0.12626174092292786, 0.12679174542427063, 0.12649594247341156, 0.12638910114765167, 0.12717266380786896, 0.12713979184627533, 0.1271318644285202], "lr": [1.901315408758819e-05, 1.901315408758819e-05, 1.901315408758819e-05, 1.901315408758819e-05, 1.901315408758819e-05, 9.506577043794096e-06, 9.506577043794096e-06, 9.506577043794096e-06, 4.753288521897048e-06, 4.753288521897048e-06, 4.753288521897048e-06, 2.376644260948524e-06, 2.376644260948524e-06, 2.376644260948524e-06, 1.188322130474262e-06, 1.188322130474262e-06, 1.188322130474262e-06, 5.94161065237131e-07, 5.94161065237131e-07, 5.94161065237131e-07]}