{"loss": [0.13279958069324493, 0.1167871281504631, 0.11637450009584427, 0.11608260124921799, 0.11558879911899567, 0.11562807857990265, 0.11583282798528671, 0.11635006964206696, 0.11598225682973862, 0.11561114341020584, 0.11533521860837936, 0.11534787714481354, 0.11521556228399277, 0.1150227040052414, 0.11493144929409027, 0.11489449441432953, 0.11478488892316818, 0.1147722452878952, 0.11464742571115494, 0.11463183909654617], "mse": [0.11649168282747269, 0.11545513570308685, 0.11560997366905212, 0.11558409035205841, 0.1150517612695694, 0.11513830721378326, 0.11529245227575302, 0.11577186733484268, 0.11546710878610611, 0.11522708088159561, 0.1149909570813179, 0.11501593887805939, 0.11492624878883362, 0.11474016308784485, 0.11464789509773254, 0.11460574716329575, 0.1144917830824852, 0.11447382718324661, 0.1143433004617691, 0.11431653797626495], "val_loss": [0.24404586851596832, 0.2351241260766983, 0.213886097073555, 0.12625174224376678, 0.16836990416049957, 0.12976495921611786, 0.13126567006111145, 0.12837137281894684, 0.12438211590051651, 0.21827909350395203, 0.15695196390151978, 0.1260894238948822, 0.12383613735437393, 0.12345466762781143, 0.12491220235824585, 0.12532304227352142, 0.12312380969524384, 0.381678968667984, 0.12347982078790665, 0.12454003840684891], "val_mse": [0.24228288233280182, 0.23424269258975983, 0.21309907734394073, 0.1258755475282669, 0.16761167347431183, 0.12934093177318573, 0.13065172731876373, 0.1278168261051178, 0.12393321096897125, 0.21790719032287598, 0.1565970480442047, 0.12575988471508026, 0.12354439496994019, 0.12317416071891785, 0.12461629509925842, 0.1250249147415161, 0.12282054871320724, 0.3813612163066864, 0.12316597998142242, 0.12420989573001862], "lr": [0.00022218195954337716, 0.00022218195954337716, 0.00022218195954337716, 0.00022218195954337716, 0.00022218195954337716, 0.00022218195954337716, 0.00022218195954337716, 0.00011109097977168858, 0.00011109097977168858, 0.00011109097977168858, 0.00011109097977168858, 0.00011109097977168858, 5.554548988584429e-05, 5.554548988584429e-05, 5.554548988584429e-05, 5.554548988584429e-05, 5.554548988584429e-05, 5.554548988584429e-05, 5.554548988584429e-05, 5.554548988584429e-05]}