{"loss": [0.12095234543085098, 0.11675477027893066, 0.1165044829249382, 0.11616914719343185, 0.11578664928674698, 0.11567617952823639, 0.11576058715581894, 0.11512470245361328, 0.1161092221736908, 0.11564186215400696, 0.11558791249990463, 0.11576351523399353, 0.11549411714076996, 0.11559455096721649, 0.11530306190252304, 0.11554744094610214, 0.11577963829040527, 0.1156260147690773, 0.1156054139137268, 0.11580419540405273], "mse": [0.117757648229599, 0.1153496578335762, 0.11551957577466965, 0.1154848039150238, 0.11523488163948059, 0.11522360146045685, 0.11532683670520782, 0.11476805061101913, 0.11543915420770645, 0.11491571366786957, 0.11495338380336761, 0.11517880111932755, 0.11492110043764114, 0.11503931879997253, 0.11475279182195663, 0.11500333994626999, 0.11524630337953568, 0.11512169241905212, 0.11510922759771347, 0.11531049013137817], "val_loss": [0.12623311579227448, 0.12927955389022827, 0.12428726255893707, 0.12410939484834671, 0.12396173924207687, 0.1256808340549469, 0.12451527267694473, 0.12753404676914215, 0.12653854489326477, 0.12498332560062408, 0.12538646161556244, 0.12382736802101135, 0.12396088242530823, 0.12393072247505188, 0.12401237338781357, 0.12364805489778519, 0.12340454012155533, 0.123538076877594, 0.12330014258623123, 0.12372476607561111], "val_mse": [0.12445036321878433, 0.1280776709318161, 0.12361432611942291, 0.12353023886680603, 0.12348907440900803, 0.12521357834339142, 0.12411502748727798, 0.12692534923553467, 0.12579162418842316, 0.12427518516778946, 0.12478324770927429, 0.12325766682624817, 0.12341154366731644, 0.12337309867143631, 0.12347948551177979, 0.12311946600675583, 0.12289365381002426, 0.12305109947919846, 0.12282156944274902, 0.12323007732629776], "lr": [0.0002759845519904047, 0.0002759845519904047, 0.0002759845519904047, 0.0002759845519904047, 0.0002759845519904047, 0.0002759845519904047, 0.0002759845519904047, 0.0002759845519904047, 0.00013799227599520236, 0.00013799227599520236, 0.00013799227599520236, 6.899613799760118e-05, 6.899613799760118e-05, 6.899613799760118e-05, 6.899613799760118e-05, 3.449806899880059e-05, 3.449806899880059e-05, 3.449806899880059e-05, 3.449806899880059e-05, 3.449806899880059e-05]}