{"loss": [0.20037779211997986, 0.12305898219347, 0.1189628392457962, 0.11893847584724426, 0.11893584579229355, 0.11893578618764877, 0.11893578618764877, 0.11893578618764877, 0.11893578618764877, 0.11893578618764877, 0.11893578618764877, 0.11893578618764877, 0.11893578618764877, 0.11893578618764877, 0.11893578618764877, 0.11893578618764877, 0.11893578618764877, 0.11893578618764877, 0.11893578618764877, 0.11893578618764877], "mse": [0.13298067450523376, 0.11893580853939056, 0.11893578618764877, 0.11893578618764877, 0.11893578618764877, 0.11893578618764877, 0.11893578618764877, 0.11893578618764877, 0.11893578618764877, 0.11893578618764877, 0.11893578618764877, 0.11893578618764877, 0.11893578618764877, 0.11893578618764877, 0.11893578618764877, 0.11893578618764877, 0.11893578618764877, 0.11893578618764877, 0.11893578618764877, 0.11893578618764877], "val_loss": [0.5745164155960083, 0.12654107809066772, 0.1264219433069229, 0.12641486525535583, 0.12641458213329315, 0.12641458213329315, 0.12641458213329315, 0.12641458213329315, 0.12641458213329315, 0.12641458213329315, 0.12641458213329315, 0.12641458213329315, 0.12641458213329315, 0.12641458213329315, 0.12641458213329315, 0.12641458213329315, 0.12641458213329315, 0.12641458213329315, 0.12641458213329315, 0.12641458213329315], "val_mse": [0.5577128529548645, 0.12641458213329315, 0.12641458213329315, 0.12641458213329315, 0.12641458213329315, 0.12641458213329315, 0.12641458213329315, 0.12641458213329315, 0.12641458213329315, 0.12641458213329315, 0.12641458213329315, 0.12641458213329315, 0.12641458213329315, 0.12641458213329315, 0.12641458213329315, 0.12641458213329315, 0.12641458213329315, 0.12641458213329315, 0.12641458213329315, 0.12641458213329315], "lr": [8.139627607306466e-05, 8.139627607306466e-05, 8.139627607306466e-05, 8.139627607306466e-05, 8.139627607306466e-05, 4.069813803653233e-05, 4.069813803653233e-05, 4.069813803653233e-05, 2.0349069018266164e-05, 2.0349069018266164e-05, 2.0349069018266164e-05, 1.0174534509133082e-05, 1.0174534509133082e-05, 1.0174534509133082e-05, 5.087267254566541e-06, 5.087267254566541e-06, 5.087267254566541e-06, 2.5436336272832705e-06, 2.5436336272832705e-06, 2.5436336272832705e-06]}