{"loss": [0.1582648903131485, 0.11916752904653549, 0.11897001415491104, 0.11893622577190399, 0.11893578618764877, 0.11893578618764877, 0.11893578618764877, 0.11893578618764877, 0.11893578618764877, 0.11893578618764877, 0.11893578618764877, 0.11893578618764877, 0.11893578618764877, 0.11893578618764877, 0.11893578618764877, 0.11893578618764877, 0.11893578618764877, 0.11893578618764877, 0.11893578618764877, 0.11893578618764877], "mse": [0.12122318148612976, 0.11893578618764877, 0.11893578618764877, 0.11893578618764877, 0.11893578618764877, 0.11893578618764877, 0.11893578618764877, 0.11893578618764877, 0.11893578618764877, 0.11893578618764877, 0.11893578618764877, 0.11893578618764877, 0.11893578618764877, 0.11893578618764877, 0.11893578618764877, 0.11893578618764877, 0.11893578618764877, 0.11893578618764877, 0.11893578618764877, 0.11893578618764877], "val_loss": [0.12748777866363525, 0.12651455402374268, 0.12641741335391998, 0.12641458213329315, 0.12641458213329315, 0.12641458213329315, 0.12641458213329315, 0.12641458213329315, 0.12641458213329315, 0.12641458213329315, 0.12641458213329315, 0.12641458213329315, 0.12641458213329315, 0.12641458213329315, 0.12641458213329315, 0.12641458213329315, 0.12641458213329315, 0.12641458213329315, 0.12641458213329315, 0.12641458213329315], "val_mse": [0.12641458213329315, 0.12641458213329315, 0.12641458213329315, 0.12641458213329315, 0.12641458213329315, 0.12641458213329315, 0.12641458213329315, 0.12641458213329315, 0.12641458213329315, 0.12641458213329315, 0.12641458213329315, 0.12641458213329315, 0.12641458213329315, 0.12641458213329315, 0.12641458213329315, 0.12641458213329315, 0.12641458213329315, 0.12641458213329315, 0.12641458213329315, 0.12641458213329315], "lr": [0.00021050972281955183, 0.00021050972281955183, 0.00021050972281955183, 0.00021050972281955183, 0.00010525486140977591, 0.00010525486140977591, 0.00010525486140977591, 5.2627430704887956e-05, 5.2627430704887956e-05, 5.2627430704887956e-05, 2.6313715352443978e-05, 2.6313715352443978e-05, 2.6313715352443978e-05, 1.3156857676221989e-05, 1.3156857676221989e-05, 1.3156857676221989e-05, 6.5784288381109945e-06, 6.5784288381109945e-06, 6.5784288381109945e-06, 3.2892144190554973e-06]}