{"loss": [0.46552056074142456, 0.328301340341568, 0.25825104117393494, 0.21876446902751923, 0.19471189379692078, 0.18187594413757324, 0.17418603599071503, 0.16959689557552338, 0.16728822886943817, 0.1645468771457672, 0.16247059404850006, 0.16070155799388885, 0.15862731635570526, 0.15646077692508698, 0.15503646433353424, 0.15414458513259888, 0.15350817143917084, 0.1530156433582306, 0.1526344269514084, 0.1523589789867401], "mse": [0.16260570287704468, 0.1197599321603775, 0.11793199926614761, 0.11757270246744156, 0.11679636687040329, 0.11699400842189789, 0.11647666245698929, 0.11623665690422058, 0.11660528928041458, 0.11618410795927048, 0.11662964522838593, 0.1160723865032196, 0.11604228615760803, 0.11604661494493484, 0.11599428951740265, 0.11600229889154434, 0.11602838337421417, 0.11592704057693481, 0.11588753759860992, 0.11586211621761322], "val_loss": [0.3789120614528656, 0.28435662388801575, 0.24211695790290833, 0.20991134643554688, 0.19208860397338867, 0.18410564959049225, 0.17761904001235962, 0.17501388490200043, 0.17271684110164642, 0.16958223283290863, 0.1676207184791565, 0.1659657210111618, 0.16374924778938293, 0.1618022322654724, 0.16100122034549713, 0.15991593897342682, 0.15967074036598206, 0.15903833508491516, 0.15918219089508057, 0.1592334359884262], "val_mse": [0.12308824807405472, 0.12264293432235718, 0.12289564311504364, 0.12284301221370697, 0.12270735204219818, 0.12302127480506897, 0.12240037322044373, 0.12356138974428177, 0.12268314510583878, 0.1230342909693718, 0.12224350869655609, 0.12220445275306702, 0.1223975270986557, 0.12234513461589813, 0.12243423610925674, 0.12214352935552597, 0.12241337448358536, 0.12214364111423492, 0.12255065143108368, 0.12285543233156204], "lr": [2.3760134354233742e-05, 2.3760134354233742e-05, 2.3760134354233742e-05, 2.3760134354233742e-05, 2.3760134354233742e-05, 1.1880067177116871e-05, 1.1880067177116871e-05, 1.1880067177116871e-05, 1.1880067177116871e-05, 1.1880067177116871e-05, 5.9400335885584354e-06, 5.9400335885584354e-06, 5.9400335885584354e-06, 5.9400335885584354e-06, 2.9700167942792177e-06, 2.9700167942792177e-06, 2.9700167942792177e-06, 1.4850083971396089e-06, 1.4850083971396089e-06, 1.4850083971396089e-06]}